platform,market_id,title,category,open_time,close_time,resolution,forecast_prob,forecast_source,volume,outcome,brier,log_loss,days_to_resolution,duration_bucket,volume_bucket,baseline_prob_50,baseline_prob_category_rate
polymarket,568634,Will Xander Schauffele win the 2026 Masters tournament?,sports,2025-08-29 04:14:31.945889+00:00,2026-04-13 00:00:00+00:00,NO,0.0215,history,9561874.596762056,0,0.00046224999999999993,0.021734492146006094,226.82324136702547,30+ days,$5m+,0.5,0.3266563944530046
polymarket,568642,Will Joaquin Niemann win the 2026 Masters tournament?,sports,2025-08-29 04:14:41.975127+00:00,2026-04-13 00:00:00+00:00,NO,0.0005,history,1078254.8618879998,0,2.5e-07,0.0005001250416822429,226.82312528788194,30+ days,$1m-$5m,0.5,0.3266563944530046
polymarket,568649,Will Sungjae Im win the 2026 Masters tournament?,sports,2025-08-29 04:14:50.745525+00:00,2026-04-13 00:00:00+00:00,NO,0.0005,history,528587.1383969998,0,2.5e-07,0.0005001250416822429,226.82302377864585,30+ days,$250k-$1m,0.5,0.3266563944530046
polymarket,568656,Will Akshay Bhatia win the 2026 Masters tournament?,sports,2025-08-29 04:15:00.083549+00:00,2026-04-13 00:00:00+00:00,NO,0.02,history,871375.8503929984,0,0.0004,0.020202707317519466,226.82291569966435,30+ days,$250k-$1m,0.5,0.3266563944530046
polymarket,568663,Will Tom Kim win the 2026 Masters tournament?,sports,2025-08-29 04:15:06.574397+00:00,2026-04-13 00:00:00+00:00,NO,0.0005,history,1171784.6176650007,0,2.5e-07,0.0005001250416822429,226.82284057410877,30+ days,$1m-$5m,0.5,0.3266563944530046
polymarket,568668,Will Cameron Young win the 2026 Masters tournament?,sports,2025-08-29 04:15:13.715736+00:00,2026-04-13 00:00:00+00:00,NO,0.0265,history,5467848.877346976,0,0.00070225,0.026857454169882642,226.8227579197222,30+ days,$5m+,0.5,0.3266563944530046
polymarket,568673,Will Billy Horschel win the 2026 Masters tournament?,sports,2025-08-29 04:15:17.740055+00:00,2026-04-13 00:00:00+00:00,NO,0.0005,history,888696.3563910011,0,2.5e-07,0.0005001250416822429,226.82271134195602,30+ days,$250k-$1m,0.5,0.3266563944530046
polymarket,568680,Will Brian Harman win the 2026 Masters tournament?,sports,2025-08-29 04:15:26.240576+00:00,2026-04-13 00:00:00+00:00,NO,0.0005,history,605663.063845,0,2.5e-07,0.0005001250416822429,226.8226129562963,30+ days,$250k-$1m,0.5,0.3266563944530046
polymarket,568681,Will Rasmus Hojgaard win the 2026 Masters tournament?,sports,2025-08-29 04:15:25.889931+00:00,2026-04-13 00:00:00+00:00,NO,0.0005,history,515374.3245260004,0,2.5e-07,0.0005001250416822429,226.8226170146875,30+ days,$250k-$1m,0.5,0.3266563944530046
polymarket,568691,Will Si Woo Kim win the 2026 Masters tournament?,sports,2025-08-29 04:15:33.474000+00:00,2026-04-13 00:00:00+00:00,NO,0.0005,history,449533.24093300046,0,2.5e-07,0.0005001250416822429,226.8225292361111,30+ days,$250k-$1m,0.5,0.3266563944530046
polymarket,568696,Will Harris English win the 2026 Masters tournament?,sports,2025-08-29 04:15:39.261000+00:00,2026-04-13 00:00:00+00:00,NO,0.02,history,333199.2884790005,0,0.0004,0.020202707317519466,226.82246225694445,30+ days,$250k-$1m,0.5,0.3266563944530046
polymarket,568699,Will Ben Griffin win the 2026 Masters tournament?,sports,2025-08-29 04:15:45.423000+00:00,2026-04-13 00:00:00+00:00,NO,0.02,history,450956.9955940005,0,0.0004,0.020202707317519466,226.8223909375,30+ days,$250k-$1m,0.5,0.3266563944530046
polymarket,568709,Will Harry Hall win the 2026 Masters tournament?,sports,2025-08-29 04:15:56.537000+00:00,2026-04-13 00:00:00+00:00,NO,0.0295,history,221765.81531100033,0,0.0008702499999999999,0.029943876373072074,226.82226230324073,30+ days,$100k-$250k,0.5,0.3266563944530046
polymarket,568635,Will Ludvig Aberg win the 2026 Masters tournament?,sports,2025-08-29 04:14:36.011107+00:00,2026-04-13 00:00:00+00:00,NO,0.022,history,1516179.2081359993,0,0.00048399999999999995,0.022245608947319737,226.8231943158912,30+ days,$1m-$5m,0.5,0.3266563944530046
polymarket,568643,Will Tyrrell Hatton win the 2026 Masters tournament?,sports,2025-08-29 04:14:42.815245+00:00,2026-04-13 00:00:00+00:00,NO,0.026,history,3142293.6456169966,0,0.000676,0.026343975339601977,226.823115564294,30+ days,$1m-$5m,0.5,0.3266563944530046
polymarket,568650,Will Robert MacIntyre win the 2026 Masters tournament?,sports,2025-08-29 04:14:53.293174+00:00,2026-04-13 00:00:00+00:00,NO,0.025,history,4567581.745855995,0,0.0006250000000000001,0.025317807984289897,226.8229942919676,30+ days,$1m-$5m,0.5,0.3266563944530046
polymarket,568657,Will Russell Henley win the 2026 Masters tournament?,sports,2025-08-29 04:15:02.274503+00:00,2026-04-13 00:00:00+00:00,NO,0.1245,history,2245013.036768003,0,0.01550025,0.13296012725623058,226.82289034140047,30+ days,$1m-$5m,0.5,0.3266563944530046
polymarket,568636,Will Justin Thomas win the 2026 Masters tournament?,sports,2025-08-29 04:14:35.747677+00:00,2026-04-13 00:00:00+00:00,NO,0.0005,history,535426.9642749996,0,2.5e-07,0.0005001250416822429,226.82319736484956,30+ days,$250k-$1m,0.5,0.3266563944530046
polymarket,568644,Will Cameron Smith win the 2026 Masters tournament?,sports,2025-08-29 04:14:46.959948+00:00,2026-04-13 00:00:00+00:00,NO,0.0005,history,458645.8581409992,0,2.5e-07,0.0005001250416822429,226.82306759319445,30+ days,$250k-$1m,0.5,0.3266563944530046
polymarket,568651,Will Corey Conners win the 2026 Masters tournament?,sports,2025-08-29 04:14:52.892275+00:00,2026-04-13 00:00:00+00:00,NO,0.0005,history,572073.4383919998,0,2.5e-07,0.0005001250416822429,226.8229989320023,30+ days,$250k-$1m,0.5,0.3266563944530046
polymarket,568658,Will Wyndham Clark win the 2026 Masters tournament?,sports,2025-08-29 04:15:01.681020+00:00,2026-04-13 00:00:00+00:00,NO,0.029,history,794961.6703199996,0,0.0008410000000000001,0.029428810690812168,226.82289721041667,30+ days,$250k-$1m,0.5,0.3266563944530046
polymarket,568664,Will Keegan Bradley win the 2026 Masters tournament?,sports,2025-08-29 04:15:09.666679+00:00,2026-04-13 00:00:00+00:00,NO,0.0005,history,755699.721478002,0,2.5e-07,0.0005001250416822429,226.8228047838079,30+ days,$250k-$1m,0.5,0.3266563944530046
polymarket,568674,Will Phil Mickelson win the 2026 Masters tournament?,sports,2025-08-29 04:15:19.625158+00:00,2026-04-13 00:00:00+00:00,NO,0.0005,history,531692.138289999,0,2.5e-07,0.0005001250416822429,226.82268952363424,30+ days,$250k-$1m,0.5,0.3266563944530046
polymarket,568682,Will Byeong Hun An win the 2026 Masters tournament?,sports,2025-08-29 04:15:28.265279+00:00,2026-04-13 00:00:00+00:00,NO,0.0005,history,1129838.7912270022,0,2.5e-07,0.0005001250416822429,226.8225895222338,30+ days,$1m-$5m,0.5,0.3266563944530046
polymarket,568685,Will Charl Schwartzel win the 2026 Masters tournament?,sports,2025-08-29 04:15:30.486585+00:00,2026-04-13 00:00:00+00:00,NO,0.0005,history,797774.9562850035,0,2.5e-07,0.0005001250416822429,226.82256381267362,30+ days,$250k-$1m,0.5,0.3266563944530046
polymarket,568687,Will Fred Couples win the 2026 Masters tournament?,sports,2025-08-29 04:15:32.249546+00:00,2026-04-13 00:00:00+00:00,NO,0.0005,history,1610727.576632007,0,2.5e-07,0.0005001250416822429,226.82254340803243,30+ days,$1m-$5m,0.5,0.3266563944530046
polymarket,568693,Will J.J. Spaun win the 2026 Masters tournament?,sports,2025-08-29 04:15:37.341000+00:00,2026-04-13 00:00:00+00:00,NO,0.043,history,478724.3971009991,0,0.0018489999999999997,0.04395188752918283,226.8224844791667,30+ days,$250k-$1m,0.5,0.3266563944530046
polymarket,568697,Will Gary Woodland win the 2026 Masters tournament?,sports,2025-08-29 04:15:39.527000+00:00,2026-04-13 00:00:00+00:00,NO,0.055,history,995777.012137,0,0.003025,0.05657035148839435,226.82245917824076,30+ days,$250k-$1m,0.5,0.3266563944530046
polymarket,568701,Will Ryan Fox win the 2026 Masters tournament?,sports,2025-08-29 04:15:49.463000+00:00,2026-04-13 00:00:00+00:00,NO,0.46,history,284314.01033100026,0,0.2116,0.616186139423817,226.82234417824074,30+ days,$250k-$1m,0.5,0.3266563944530046
polymarket,568708,Will Sam Stevens win the 2026 Masters tournament?,sports,2025-08-29 04:15:55.482000+00:00,2026-04-13 00:00:00+00:00,NO,0.455,history,313660.3613820002,0,0.20702500000000001,0.6069694843188931,226.82227451388889,30+ days,$250k-$1m,0.5,0.3266563944530046
polymarket,568712,Will Rasmus Neergaard-Petersen win the 2026 Masters tournament?,sports,2025-08-29 04:15:59.448000+00:00,2026-04-13 00:00:00+00:00,NO,0.455,history,245921.411661,0,0.20702500000000001,0.6069694843188931,226.82222861111111,30+ days,$100k-$250k,0.5,0.3266563944530046
polymarket,568714,Will Michael Kim win the 2026 Masters tournament?,sports,2025-08-29 04:16:01.353000+00:00,2026-04-13 00:00:00+00:00,NO,0.46,history,259568.61316600023,0,0.2116,0.616186139423817,226.82220656249999,30+ days,$250k-$1m,0.5,0.3266563944530046
polymarket,568637,Will Viktor Hovland win the 2026 Masters tournament?,sports,2025-08-29 04:14:38.116208+00:00,2026-04-13 00:00:00+00:00,NO,0.02,history,5759506.741625008,0,0.0004,0.020202707317519466,226.8231699512963,30+ days,$5m+,0.5,0.3266563944530046
polymarket,568645,Will Will Zalatoris win the 2026 Masters tournament?,sports,2025-08-29 04:14:46.678721+00:00,2026-04-13 00:00:00+00:00,NO,0.0005,history,881554.3782859996,0,2.5e-07,0.0005001250416822429,226.82307084813658,30+ days,$250k-$1m,0.5,0.3266563944530046
polymarket,568652,Will Justin Rose win the 2026 Masters tournament?,sports,2025-08-29 04:14:55.787077+00:00,2026-04-13 00:00:00+00:00,NO,0.0615,history,2926978.8103390047,0,0.00378225,0.06347242295557354,226.82296542734954,30+ days,$1m-$5m,0.5,0.3266563944530046
polymarket,568659,Will Sepp Straka win the 2026 Masters tournament?,sports,2025-08-29 04:15:03.753492+00:00,2026-04-13 00:00:00+00:00,NO,0.02,history,809231.6390920009,0,0.0004,0.020202707317519466,226.82287322347221,30+ days,$250k-$1m,0.5,0.3266563944530046
polymarket,568665,Will Sam Burns win the 2026 Masters tournament?,sports,2025-08-29 04:15:09.961459+00:00,2026-04-13 00:00:00+00:00,NO,0.1165,history,1856203.3438530017,0,0.013572250000000001,0.12386398722238602,226.82280137200232,30+ days,$1m-$5m,0.5,0.3266563944530046
polymarket,568671,Will Aaron Rai win the 2026 Masters tournament?,sports,2025-08-29 04:15:15.657817+00:00,2026-04-13 00:00:00+00:00,NO,0.0005,history,918462.1113080004,0,2.5e-07,0.0005001250416822429,226.82273544193288,30+ days,$250k-$1m,0.5,0.3266563944530046
polymarket,568675,Will Tiger Woods win the 2026 Masters tournament?,sports,2025-08-29 04:15:19.885891+00:00,2026-04-13 00:00:00+00:00,NO,0.0005,history,1632046.0455729978,0,2.5e-07,0.0005001250416822429,226.8226865058912,30+ days,$1m-$5m,0.5,0.3266563944530046
polymarket,568686,Will Zach Johnson win the 2026 Masters tournament?,sports,2025-08-29 04:15:29.966789+00:00,2026-04-13 00:00:00+00:00,NO,0.0005,history,957176.4953820008,0,2.5e-07,0.0005001250416822429,226.82256982883104,30+ days,$250k-$1m,0.5,0.3266563944530046
polymarket,568692,Will Jacob Bridgeman win the 2026 Masters tournament?,sports,2025-08-29 04:15:34.985000+00:00,2026-04-13 00:00:00+00:00,NO,0.225,history,381564.3399940002,0,0.050625,0.25489224962879004,226.82251174768518,30+ days,$250k-$1m,0.5,0.3266563944530046
polymarket,568694,Will Marco Penge win the 2026 Masters tournament?,sports,2025-08-29 04:15:37.080000+00:00,2026-04-13 00:00:00+00:00,NO,0.46,history,464365.3739490005,0,0.2116,0.616186139423817,226.82248750000002,30+ days,$250k-$1m,0.5,0.3266563944530046
polymarket,568702,Will Casey Jarvis win the 2026 Masters tournament?,sports,2025-08-29 04:15:49.850000+00:00,2026-04-13 00:00:00+00:00,NO,0.455,history,286540.0210560002,0,0.20702500000000001,0.6069694843188931,226.82233969907406,30+ days,$250k-$1m,0.5,0.3266563944530046
polymarket,568713,Will Johnny Keefer win the 2026 Masters tournament?,sports,2025-08-29 04:16:01.622000+00:00,2026-04-13 00:00:00+00:00,NO,0.46,history,224114.03800000003,0,0.2116,0.616186139423817,226.82220344907407,30+ days,$100k-$250k,0.5,0.3266563944530046
polymarket,568629,Will Scottie Scheffler win the 2026 Masters tournament?,sports,2025-08-29 04:14:27.927648+00:00,2026-04-13 00:00:00+00:00,NO,0.1285,history,4841375.889859983,0,0.01651225,0.13753941402206152,226.82328787444445,30+ days,$1m-$5m,0.5,0.3266563944530046
polymarket,568638,Will Brooks Koepka win the 2026 Masters tournament?,sports,2025-08-29 04:14:37.838411+00:00,2026-04-13 00:00:00+00:00,NO,0.0335,history,985393.122964,0,0.0011222500000000002,0.03407398033375144,226.82317316653936,30+ days,$250k-$1m,0.5,0.3266563944530046
polymarket,568646,Will Tommy Fleetwood win the 2026 Masters tournament?,sports,2025-08-29 04:14:47.236194+00:00,2026-04-13 00:00:00+00:00,NO,0.045,history,1249678.3123440018,0,0.002025,0.046043938501406846,226.82306439590278,30+ days,$1m-$5m,0.5,0.3266563944530046
polymarket,568653,Will Jason Day win the 2026 Masters tournament?,sports,2025-08-29 04:14:56.345467+00:00,2026-04-13 00:00:00+00:00,NO,0.032,history,4359190.267304947,0,0.001024,0.03252319170556006,226.8229589645023,30+ days,$1m-$5m,0.5,0.3266563944530046
polymarket,568660,Will Tony Finau win the 2026 Masters tournament?,sports,2025-08-29 04:15:04.128584+00:00,2026-04-13 00:00:00+00:00,NO,0.0005,history,769779.175852,0,2.5e-07,0.0005001250416822429,226.82286888212963,30+ days,$250k-$1m,0.5,0.3266563944530046
polymarket,568666,Will Matt Fitzpatrick win the 2026 Masters tournament?,sports,2025-08-29 04:15:11.762203+00:00,2026-04-13 00:00:00+00:00,NO,0.0255,history,5488560.050949971,0,0.0006502499999999999,0.025830760034521515,226.82278053005786,30+ days,$5m+,0.5,0.3266563944530046
polymarket,568672,Will Maverick McNealy win the 2026 Masters tournament?,sports,2025-08-29 04:15:18.065273+00:00,2026-04-13 00:00:00+00:00,NO,0.0005,history,468990.2217289994,0,2.5e-07,0.0005001250416822429,226.82270757785878,30+ days,$250k-$1m,0.5,0.3266563944530046
polymarket,568676,Will Nicolai Hojgaard win the 2026 Masters tournament?,sports,2025-08-29 04:15:24.395235+00:00,2026-04-13 00:00:00+00:00,NO,0.023,history,672604.9620659996,0,0.000529,0.02326862693935433,226.82263431440975,30+ days,$250k-$1m,0.5,0.3266563944530046
polymarket,568684,Will Bubba Watson win the 2026 Masters tournament?,sports,2025-08-29 04:15:30.230317+00:00,2026-04-13 00:00:00+00:00,NO,0.0005,history,695867.9656470021,0,2.5e-07,0.0005001250416822429,226.82256677873843,30+ days,$250k-$1m,0.5,0.3266563944530046
polymarket,568689,Will Aldrich Potgieter win the 2026 Masters tournament?,sports,2025-08-29 04:15:32.938000+00:00,2026-04-13 00:00:00+00:00,NO,0.46,history,303021.1334830002,0,0.2116,0.616186139423817,226.8225354398148,30+ days,$250k-$1m,0.5,0.3266563944530046
polymarket,568700,Will Kurt Kitayama win the 2026 Masters tournament?,sports,2025-08-29 04:15:47.398000+00:00,2026-04-13 00:00:00+00:00,NO,0.023,history,545792.9113870007,0,0.000529,0.02326862693935433,226.82236807870373,30+ days,$250k-$1m,0.5,0.3266563944530046
polymarket,568703,Will Max Greyserman win the 2026 Masters tournament?,sports,2025-08-29 04:15:50.413000+00:00,2026-04-13 00:00:00+00:00,NO,0.455,history,229759.90839000017,0,0.20702500000000001,0.6069694843188931,226.82233318287038,30+ days,$100k-$250k,0.5,0.3266563944530046
polymarket,568704,Will Nick Taylor win the 2026 Masters tournament?,sports,2025-08-29 04:15:50.794000+00:00,2026-04-13 00:00:00+00:00,NO,0.46,history,443786.1177550004,0,0.2116,0.616186139423817,226.82232877314814,30+ days,$250k-$1m,0.5,0.3266563944530046
polymarket,568705,Will Nicolas Echavarria win the 2026 Masters tournament?,sports,2025-08-29 04:15:53.628000+00:00,2026-04-13 00:00:00+00:00,NO,0.46,history,179000.0950000003,0,0.2116,0.616186139423817,226.82229597222224,30+ days,$100k-$250k,0.5,0.3266563944530046
polymarket,568630,Will Rory McIlroy win the 2026 Masters tournament?,sports,2025-08-29 04:14:27.670910+00:00,2026-04-13 00:00:00+00:00,YES,0.76,history,7423340.925850005,1,0.0576,0.2744368457017603,226.82329084594906,30+ days,$5m+,0.5,0.3266563944530046
polymarket,568639,Will Hideki Matsuyama win the 2026 Masters tournament?,sports,2025-08-29 04:14:40.077833+00:00,2026-04-13 00:00:00+00:00,NO,0.0205,history,1194025.3962989969,0,0.00042025000000000005,0.02071304159754157,226.82314724730324,30+ days,$1m-$5m,0.5,0.3266563944530046
polymarket,568647,Will Shane Lowry win the 2026 Masters tournament?,sports,2025-08-29 04:14:47.631360+00:00,2026-04-13 00:00:00+00:00,NO,0.0625,history,7598077.229271018,0,0.00390625,0.06453852113757118,226.8230598222222,30+ days,$5m+,0.5,0.3266563944530046
polymarket,568654,Will Max Homa win the 2026 Masters tournament?,sports,2025-08-29 04:14:56.055453+00:00,2026-04-13 00:00:00+00:00,NO,0.0005,history,891215.4369120009,0,2.5e-07,0.0005001250416822429,226.82296232114584,30+ days,$250k-$1m,0.5,0.3266563944530046
polymarket,568661,Will Dustin Johnson win the 2026 Masters tournament?,sports,2025-08-29 04:15:06.248038+00:00,2026-04-13 00:00:00+00:00,NO,0.0005,history,573484.0370590001,0,2.5e-07,0.0005001250416822429,226.82284435141202,30+ days,$250k-$1m,0.5,0.3266563944530046
polymarket,568669,Will Adam Scott win the 2026 Masters tournament?,sports,2025-08-29 04:15:13.985672+00:00,2026-04-13 00:00:00+00:00,NO,0.0005,history,2237066.4707290046,0,2.5e-07,0.0005001250416822429,226.82275479546294,30+ days,$1m-$5m,0.5,0.3266563944530046
polymarket,568677,Will Denny McCarthy win the 2026 Masters tournament?,sports,2025-08-29 04:15:24.654136+00:00,2026-04-13 00:00:00+00:00,NO,0.0005,history,947523.2182610031,0,2.5e-07,0.0005001250416822429,226.8226313178704,30+ days,$250k-$1m,0.5,0.3266563944530046
polymarket,568679,Will Taylor Pendrith win the 2026 Masters tournament?,sports,2025-08-29 04:15:24.136653+00:00,2026-04-13 00:00:00+00:00,NO,0.0005,history,582188.3581820007,0,2.5e-07,0.0005001250416822429,226.82263730725697,30+ days,$250k-$1m,0.5,0.3266563944530046
polymarket,568706,Will Matt McCarty win the 2026 Masters tournament?,sports,2025-08-29 04:15:53.368000+00:00,2026-04-13 00:00:00+00:00,NO,0.46,history,308261.79933300026,0,0.2116,0.616186139423817,226.82229898148148,30+ days,$250k-$1m,0.5,0.3266563944530046
polymarket,568707,Will Ryan Gerard win the 2026 Masters tournament?,sports,2025-08-29 04:15:55.741000+00:00,2026-04-13 00:00:00+00:00,NO,0.46,history,451055.9510690004,0,0.2116,0.616186139423817,226.8222715162037,30+ days,$250k-$1m,0.5,0.3266563944530046
polymarket,568631,Will Bryson Dechambeau win the 2026 Masters tournament?,sports,2025-08-29 04:14:29.933390+00:00,2026-04-13 00:00:00+00:00,NO,0.065,history,1569577.5352900098,0,0.0042250000000000005,0.06720874969344999,226.82326465983797,30+ days,$1m-$5m,0.5,0.3266563944530046
polymarket,568640,Will Jordan Spieth win the 2026 Masters tournament?,sports,2025-08-29 04:14:39.810960+00:00,2026-04-13 00:00:00+00:00,NO,0.0215,history,5306332.59418096,0,0.00046224999999999993,0.021734492146006094,226.82315033611113,30+ days,$5m+,0.5,0.3266563944530046
polymarket,568632,Will Jon Rahm win the 2026 Masters tournament?,sports,2025-08-29 04:14:29.675023+00:00,2026-04-13 00:00:00+00:00,NO,0.054,history,1881078.5618490055,0,0.0029159999999999998,0.05551270993025883,226.82326765019675,30+ days,$1m-$5m,0.5,0.3266563944530046
polymarket,568633,Will Collin Morikawa win the 2026 Masters tournament?,sports,2025-08-29 04:14:31.689939+00:00,2026-04-13 00:00:00+00:00,NO,0.0205,history,1129955.4745210025,0,0.00042025000000000005,0.02071304159754157,226.82324432940973,30+ days,$1m-$5m,0.5,0.3266563944530046
polymarket,568641,Will Patrick Cantlay win the 2026 Masters tournament?,sports,2025-08-29 04:14:41.710114+00:00,2026-04-13 00:00:00+00:00,NO,0.0005,history,920688.939882001,0,2.5e-07,0.0005001250416822429,226.82312835516205,30+ days,$250k-$1m,0.5,0.3266563944530046
polymarket,568648,Will Patrick Reed win the 2026 Masters tournament?,sports,2025-08-29 04:14:47.887715+00:00,2026-04-13 00:00:00+00:00,NO,0.0255,history,1397383.283195008,0,0.0006502499999999999,0.025830760034521515,226.82305685515047,30+ days,$1m-$5m,0.5,0.3266563944530046
polymarket,568655,Will Min Woo Lee win the 2026 Masters tournament?,sports,2025-08-29 04:14:59.667070+00:00,2026-04-13 00:00:00+00:00,NO,0.0255,history,1103074.7774110003,0,0.0006502499999999999,0.025830760034521515,226.82292052002313,30+ days,$1m-$5m,0.5,0.3266563944530046
polymarket,568662,Will Sahith Theegala win the 2026 Masters tournament?,sports,2025-08-29 04:15:05.724765+00:00,2026-04-13 00:00:00+00:00,NO,0.0005,history,796646.7811199995,0,2.5e-07,0.0005001250416822429,226.82285040781252,30+ days,$250k-$1m,0.5,0.3266563944530046
polymarket,568667,Will Davis Thompson win the 2026 Masters tournament?,sports,2025-08-29 04:15:12.018594+00:00,2026-04-13 00:00:00+00:00,NO,0.0005,history,968946.3214280016,0,2.5e-07,0.0005001250416822429,226.82277756256943,30+ days,$250k-$1m,0.5,0.3266563944530046
polymarket,568670,Will Sergio Garcia win the 2026 Masters tournament?,sports,2025-08-29 04:15:15.973461+00:00,2026-04-13 00:00:00+00:00,NO,0.0005,history,920043.5369050024,0,2.5e-07,0.0005001250416822429,226.82273178864585,30+ days,$250k-$1m,0.5,0.3266563944530046
polymarket,568678,Will Thomas Detry win the 2026 Masters tournament?,sports,2025-08-29 04:15:23.874332+00:00,2026-04-13 00:00:00+00:00,NO,0.0005,history,571599.4874439999,0,2.5e-07,0.0005001250416822429,226.82264034337965,30+ days,$250k-$1m,0.5,0.3266563944530046
polymarket,568683,Will Danny Willett win the 2026 Masters tournament?,sports,2025-08-29 04:15:27.952505+00:00,2026-04-13 00:00:00+00:00,NO,0.0005,history,1218533.498652001,0,2.5e-07,0.0005001250416822429,226.82259314230325,30+ days,$1m-$5m,0.5,0.3266563944530046
polymarket,568690,Will Chris Gotterup win the 2026 Masters tournament?,sports,2025-08-29 04:15:33.210000+00:00,2026-04-13 00:00:00+00:00,NO,0.46,history,501056.24420599994,0,0.2116,0.616186139423817,226.82253229166665,30+ days,$250k-$1m,0.5,0.3266563944530046
polymarket,568698,Will Daniel Berger win the 2026 Masters tournament?,sports,2025-08-29 04:15:43.394000+00:00,2026-04-13 00:00:00+00:00,NO,0.46,history,276067.37689300027,0,0.2116,0.616186139423817,226.8224144212963,30+ days,$250k-$1m,0.5,0.3266563944530046
polymarket,568711,Will Hao-Tong Li win the 2026 Masters tournament?,sports,2025-08-29 04:15:59.713000+00:00,2026-04-13 00:00:00+00:00,NO,0.0235,history,990938.6408990022,0,0.00055225,0.02378052866540339,226.8222255439815,30+ days,$250k-$1m,0.5,0.3266563944530046
polymarket,575823,Will Andrew Novak win the 2026 Masters tournament?,sports,2025-08-29 04:16:03.905000+00:00,2026-04-13 00:00:00+00:00,NO,0.46,history,205870.3020000002,0,0.2116,0.616186139423817,226.82217702546296,30+ days,$100k-$250k,0.5,0.3266563944530046
polymarket,575824,Will Michael Brennan win the 2026 Masters tournament?,sports,2025-08-29 04:16:04.162000+00:00,2026-04-13 00:00:00+00:00,NO,0.0005,history,364101.6819990002,0,2.5e-07,0.0005001250416822429,226.82217405092592,30+ days,$250k-$1m,0.5,0.3266563944530046
polymarket,575825,Will Kristoffer Reitan win the 2026 Masters tournament?,sports,2025-08-29 04:16:03.373000+00:00,2026-04-13 00:00:00+00:00,NO,0.46,history,407557.0621600009,0,0.2116,0.616186139423817,226.82218318287036,30+ days,$250k-$1m,0.5,0.3266563944530046
polymarket,575826,Will Davis Riley win the 2026 Masters tournament?,sports,2025-08-29 04:16:03.646000+00:00,2026-04-13 00:00:00+00:00,NO,0.0005,history,112050.0,0,2.5e-07,0.0005001250416822429,226.82218002314812,30+ days,$100k-$250k,0.5,0.3266563944530046
polymarket,575827,Will Alexander Noren win the 2026 Masters tournament?,sports,2025-08-29 04:16:05.377000+00:00,2026-04-13 00:00:00+00:00,NO,0.46,history,326026.69990100054,0,0.2116,0.616186139423817,226.8221599884259,30+ days,$250k-$1m,0.5,0.3266563944530046
polymarket,575828,Will Brian Campbell win the 2026 Masters tournament?,sports,2025-08-29 04:16:05.692000+00:00,2026-04-13 00:00:00+00:00,NO,0.46,history,273849.598,0,0.2116,0.616186139423817,226.82215634259256,30+ days,$250k-$1m,0.5,0.3266563944530046
polymarket,575832,Will Jake Knapp win the 2026 Masters tournament?,sports,2025-08-29 04:16:09.211000+00:00,2026-04-13 00:00:00+00:00,NO,0.0025,history,579167.3622110002,0,6.25e-06,0.002503130218118477,226.82211561342592,30+ days,$250k-$1m,0.5,0.3266563944530046
polymarket,1466150,Iran x Israel/US conflict ends by March 31?,sports,2026-02-28 14:39:27.496215+00:00,2026-03-31 00:00:00+00:00,NO,0.02,history,5162924.802599977,0,0.0004,0.020202707317519466,30.389265090104168,30+ days,$5m+,0.5,0.3266563944530046
polymarket,1571571,Iran x Israel/US conflict ends by December 31?,sports,2026-03-12 21:35:16.830000+00:00,2026-06-30 00:00:00+00:00,YES,0.971,history,3954777.875154008,1,0.0008410000000000015,0.029428810690812168,109.10049965277777,30+ days,$1m-$5m,0.5,0.3266563944530046
polymarket,1567747,Iran x Israel/US conflict ends by April 30?,sports,2026-03-12 17:07:12.531000+00:00,2026-04-30 00:00:00+00:00,YES,0.972,history,5780137.474477969,1,0.0007840000000000014,0.028399474521698,48.28666052083334,30+ days,$5m+,0.5,0.3266563944530046
polymarket,1567746,Iran x Israel/US conflict ends by April 15?,sports,2026-03-12 16:49:29.582000+00:00,2026-04-15 00:00:00+00:00,YES,0.969,history,17450416.216830038,1,0.0009610000000000017,0.03149066709137085,33.2989631712963,30+ days,$5m+,0.5,0.3266563944530046
polymarket,1484915,Iran x Israel/US conflict ends by June 30?,sports,2026-03-02 17:20:31.241000+00:00,2026-06-30 00:00:00+00:00,YES,0.9795,history,5872191.781835967,1,0.0004202499999999985,0.02071304159754157,119.27741619212962,30+ days,$5m+,0.5,0.3266563944530046
polymarket,1484914,Iran x Israel/US conflict ends by May 15?,sports,2026-03-02 17:18:07.028000+00:00,2026-05-15 00:00:00+00:00,YES,0.979,history,13670502.108909989,1,0.0004410000000000008,0.021223636451626688,73.27908532407407,30+ days,$5m+,0.5,0.3266563944530046
polymarket,1706766,Iran x Israel/US conflict ends by April 7?,sports,2026-03-24 17:52:18.787227+00:00,2026-04-07 00:00:00+00:00,YES,0.9625,history,48720376.31273075,1,0.0014062499999999984,0.03822121282019774,13.25533811079861,7-30 days,$5m+,0.5,0.3266563944530046
polymarket,948040,Will the Democratic Coalition (DK) win the most seats in the next Hungarian parliamentary election?,elections,2025-12-16 20:28:31.315000+00:00,2026-04-12 00:00:00+00:00,NO,0.0005,history,7636388.892528013,0,2.5e-07,0.0005001250416822429,116.1468597800926,30+ days,$5m+,0.5,0.13953488372093023
polymarket,948043,Will TISZA – Respect and Freedom Party (TISZA) win the most seats in the next Hungarian parliamentary election?,elections,2025-12-16 20:28:32.086000+00:00,2026-04-12 00:00:00+00:00,YES,0.815,history,4782714.49172103,1,0.03422500000000002,0.2045671657412744,116.14685085648149,30+ days,$1m-$5m,0.5,0.13953488372093023
polymarket,948046,Will LMP – Hungary’s Green Party (LMP) win the most seats in the next Hungarian parliamentary election?,elections,2025-12-16 20:28:32.651000+00:00,2026-04-12 00:00:00+00:00,NO,0.0005,history,15379379.627399104,0,2.5e-07,0.0005001250416822429,116.14684431712962,30+ days,$5m+,0.5,0.13953488372093023
polymarket,948041,Will the Hungarian Socialist Party (MSZP) win the most seats in the next Hungarian parliamentary election?,elections,2025-12-16 20:28:33.165000+00:00,2026-04-12 00:00:00+00:00,NO,0.0005,history,583310.379666,0,2.5e-07,0.0005001250416822429,116.14683836805557,30+ days,$250k-$1m,0.5,0.13953488372093023
polymarket,948044,Will the Momentum Movement (Momentum) win the most seats in the next Hungarian parliamentary election?,elections,2025-12-16 20:28:33.422000+00:00,2026-04-12 00:00:00+00:00,NO,0.0005,history,976956.7617470002,0,2.5e-07,0.0005001250416822429,116.14683539351851,30+ days,$250k-$1m,0.5,0.13953488372093023
polymarket,948047,Will Our Homeland Movement (Mi Hazánk) win the most seats in the next Hungarian parliamentary election?,elections,2025-12-16 20:28:33.679000+00:00,2026-04-12 00:00:00+00:00,NO,0.0005,history,1602436.1108239994,0,2.5e-07,0.0005001250416822429,116.14683241898149,30+ days,$1m-$5m,0.5,0.13953488372093023
polymarket,948038,Will Fidesz–KDNP win the most seats in the next Hungarian parliamentary election?,elections,2025-12-16 20:28:32.907000+00:00,2026-04-12 00:00:00+00:00,NO,0.175,history,4467769.916728955,0,0.030624999999999996,0.19237189264745613,116.14684135416667,30+ days,$1m-$5m,0.5,0.13953488372093023
polymarket,948042,Will Dialogue for Hungary (Párbeszéd) win the most seats in the next Hungarian parliamentary election?,elections,2025-12-16 20:28:31.830000+00:00,2026-04-12 00:00:00+00:00,NO,0.0005,history,7139482.6455000155,0,2.5e-07,0.0005001250416822429,116.14685381944444,30+ days,$5m+,0.5,0.13953488372093023
polymarket,948045,Will Movement for a Better Hungary (Jobbik) win the most seats in the next Hungarian parliamentary election?,elections,2025-12-16 20:28:32.395000+00:00,2026-04-12 00:00:00+00:00,NO,0.0005,history,16550425.532013956,0,2.5e-07,0.0005001250416822429,116.1468472800926,30+ days,$5m+,0.5,0.13953488372093023
polymarket,948039,Will the Christian Democratic People’s Party (KDNP) win the most seats in the next Hungarian parliamentary election?,elections,2025-12-16 20:28:31.573000+00:00,2026-04-12 00:00:00+00:00,NO,0.0005,history,4623626.88936499,0,2.5e-07,0.0005001250416822429,116.14685679398147,30+ days,$1m-$5m,0.5,0.13953488372093023
polymarket,1235512,Will Lương Cường be the next President of Vietnam?,elections,2026-01-21 18:48:26.498419+00:00,2026-01-25 00:00:00+00:00,NO,0.0005,history,2534218.111369004,0,2.5e-07,0.0005001250416822429,3.216359972002315,1-7 days,$1m-$5m,0.5,0.13953488372093023
polymarket,1235513,Will Phan Văn Giang be the next President of Vietnam?,elections,2026-01-21 18:48:36.788782+00:00,2026-01-25 00:00:00+00:00,NO,0.024,history,2697079.067629992,0,0.000576,0.024292692569044587,3.2162408705787033,1-7 days,$1m-$5m,0.5,0.13953488372093023
polymarket,1235514,Will Tô Lâm be the next President of Vietnam?,elections,2026-01-21 18:48:36.535158+00:00,2026-01-25 00:00:00+00:00,YES,0.9665,history,4348032.177655002,1,0.0011222499999999982,0.03407398033375144,3.2162438060416667,1-7 days,$1m-$5m,0.5,0.13953488372093023
polymarket,1235515,Will Trần Cẩm Tú be the next President of Vietnam?,elections,2026-01-21 18:48:37.573436+00:00,2026-01-25 00:00:00+00:00,NO,0.0215,history,2754865.479145004,0,0.00046224999999999993,0.021734492146006094,3.2162317889351852,1-7 days,$1m-$5m,0.5,0.13953488372093023
polymarket,1235516,Will Nguyễn Duy Ngọc be the next President of Vietnam?,elections,2026-01-21 18:48:37.826647+00:00,2026-01-25 00:00:00+00:00,NO,0.001,history,1285990.495182998,0,1e-06,0.0010005003335835344,3.216228858252315,1-7 days,$1m-$5m,0.5,0.13953488372093023
polymarket,1235517,Will Phạm Minh Chính be the next President of Vietnam?,elections,2026-01-21 18:48:40.614676+00:00,2026-01-25 00:00:00+00:00,NO,0.0005,history,15557300.26332597,0,2.5e-07,0.0005001250416822429,3.2161965893981477,1-7 days,$5m+,0.5,0.13953488372093023
polymarket,1235518,Will Trần Thanh Mẫn be the next President of Vietnam?,elections,2026-01-21 18:48:40.867807+00:00,2026-01-25 00:00:00+00:00,NO,0.0215,history,2841256.3337300383,0,0.00046224999999999993,0.021734492146006094,3.2161936596412035,1-7 days,$1m-$5m,0.5,0.13953488372093023
polymarket,658931,Will Michigan win the 2026 NCAA Tournament?,sports,2025-10-31 23:51:59.467883+00:00,2026-04-04 00:00:00+00:00,YES,0.945,history,2354609.012351991,1,0.0030250000000000055,0.05657035148839435,154.00556171431714,30+ days,$1m-$5m,0.5,0.3266563944530046
polymarket,658941,Will Arizona win the 2026 NCAA Tournament?,sports,2025-10-31 23:52:02.120195+00:00,2026-04-04 00:00:00+00:00,NO,0.273,history,2091515.7602039955,0,0.07452900000000001,0.3188288014486177,154.00553101626159,30+ days,$1m-$5m,0.5,0.3266563944530046
polymarket,658945,Will Connecticut win the 2026 NCAA Tournament?,sports,2025-10-31 23:52:03.136612+00:00,2026-04-04 00:00:00+00:00,NO,0.0555,history,4218808.458640993,0,0.00308025,0.0570995920405728,154.00551925217593,30+ days,$1m-$5m,0.5,0.3266563944530046
polymarket,658928,Will Purdue win the 2026 NCAA Tournament?,sports,2025-10-31 23:51:55.612671+00:00,2026-04-04 00:00:00+00:00,NO,0.1015,history,3394009.0987429987,0,0.01030225,0.10702857275852336,154.00560633482638,30+ days,$1m-$5m,0.5,0.3266563944530046
polymarket,658944,Will Duke win the 2026 NCAA Tournament?,sports,2025-10-31 23:52:02.628299+00:00,2026-04-04 00:00:00+00:00,NO,0.185,history,1059051.1404149942,0,0.034225,0.2045671657412744,154.00552513542826,30+ days,$1m-$5m,0.5,0.3266563944530046
polymarket,658946,Will Illinois win the 2026 NCAA Tournament?,sports,2025-10-31 23:52:02.373741+00:00,2026-04-04 00:00:00+00:00,NO,0.0755,history,1998991.4914599897,0,0.00570025,0.07850222815495753,154.00552808170139,30+ days,$1m-$5m,0.5,0.3266563944530046
polymarket,658948,Will Tennessee win the 2026 NCAA Tournament?,sports,2025-10-31 23:52:04.314855+00:00,2026-04-04 00:00:00+00:00,NO,0.024,history,1184613.8839499978,0,0.000576,0.024292692569044587,154.00550561510417,30+ days,$1m-$5m,0.5,0.3266563944530046
polymarket,658966,Will Iowa win the 2026 NCAA Tournament?,sports,2025-10-31 23:52:12.117000+00:00,2026-04-04 00:00:00+00:00,NO,0.0235,history,998161.4390240014,0,0.00055225,0.02378052866540339,154.0054153125,30+ days,$250k-$1m,0.5,0.3266563944530046
polymarket,1501205,Will PH win the third most seats in the 2026 Colombian Chamber of Representatives election?,elections,2026-03-04 20:57:19.584016+00:00,2026-03-08 00:00:00+00:00,NO,0.0215,history,6194175.486324031,0,0.00046224999999999993,0.021734492146006094,3.1268566664814816,1-7 days,$5m+,0.5,0.13953488372093023
polymarket,1501206,Will Conservative win the third most seats in the 2026 Colombian Chamber of Representatives election?,elections,2026-03-04 20:57:25.175396+00:00,2026-03-08 00:00:00+00:00,NO,0.0015,history,1224213.4217790118,0,2.25e-06,0.0015011261262670914,3.1267919514351856,1-7 days,$1m-$5m,0.5,0.13953488372093023
polymarket,1501208,Will Green Alliance win the third most seats in the 2026 Colombian Chamber of Representatives election?,elections,2026-03-04 20:57:37.541412+00:00,2026-03-08 00:00:00+00:00,NO,0.0205,history,1349999.3011670017,0,0.00042025000000000005,0.02071304159754157,3.12664882625,1-7 days,$1m-$5m,0.5,0.13953488372093023
polymarket,1501210,Will CR win the third most seats in the 2026 Colombian Chamber of Representatives election?,elections,2026-03-04 20:57:49.420664+00:00,2026-03-08 00:00:00+00:00,NO,0.0205,history,1439223.1953229986,0,0.00042025000000000005,0.02071304159754157,3.126511334907408,1-7 days,$1m-$5m,0.5,0.13953488372093023
polymarket,1501211,Will La U win the third most seats in the 2026 Colombian Chamber of Representatives election?,elections,2026-03-04 20:57:55.624742+00:00,2026-03-08 00:00:00+00:00,NO,0.0215,history,6469917.215593102,0,0.00046224999999999993,0.021734492146006094,3.126439528449074,1-7 days,$5m+,0.5,0.13953488372093023
polymarket,1501212,Will MIRA-CJL win the third most seats in the 2026 Colombian Chamber of Representatives election?,elections,2026-03-04 20:58:01.661908+00:00,2026-03-08 00:00:00+00:00,NO,0.0005,history,592182.2284599995,0,2.5e-07,0.0005001250416822429,3.1263696538425925,1-7 days,$250k-$1m,0.5,0.13953488372093023
polymarket,1223254,Will Phạm Minh Chính be the next Prime Minister of Vietnam?,elections,2026-01-20 16:00:14.719832+00:00,2026-01-25 00:00:00+00:00,NO,0.0005,history,661739.8604049999,0,2.5e-07,0.0005001250416822429,4.333162964907408,1-7 days,$250k-$1m,0.5,0.13953488372093023
polymarket,1223255,Will Lê Minh Hưng be the next Prime Minister of Vietnam?,elections,2026-01-20 16:00:17.172153+00:00,2026-01-25 00:00:00+00:00,YES,0.978,history,3832957.988554992,1,0.00048400000000000087,0.022245608947319737,4.3331345815625,1-7 days,$1m-$5m,0.5,0.13953488372093023
polymarket,1223256,Will Nguyễn Hòa Bình be the next Prime Minister of Vietnam?,elections,2026-01-20 16:00:16.918053+00:00,2026-01-25 00:00:00+00:00,NO,0.0005,history,1381157.4622140017,0,2.5e-07,0.0005001250416822429,4.333137522534722,1-7 days,$1m-$5m,0.5,0.13953488372093023
polymarket,1223257,Will Lương Tam Quang be the next Prime Minister of Vietnam?,elections,2026-01-20 16:00:19.043184+00:00,2026-01-25 00:00:00+00:00,NO,0.0005,history,380961.41850600013,0,2.5e-07,0.0005001250416822429,4.333112926111111,1-7 days,$250k-$1m,0.5,0.13953488372093023
polymarket,1223258,Will Phạm Thị Thanh Trà be the next Prime Minister of Vietnam?,elections,2026-01-20 16:00:18.788636+00:00,2026-01-25 00:00:00+00:00,NO,0.0005,history,6063918.863911996,0,2.5e-07,0.0005001250416822429,4.333115872268518,1-7 days,$5m+,0.5,0.13953488372093023
polymarket,1223259,Will Lê Hoài Trung be the next Prime Minister of Vietnam?,elections,2026-01-20 16:00:20.750823+00:00,2026-01-25 00:00:00+00:00,NO,0.0005,history,258653.75720300028,0,2.5e-07,0.0005001250416822429,4.333093161770834,1-7 days,$250k-$1m,0.5,0.13953488372093023
polymarket,1223261,Will Tran Luu Quang be the next Prime Minister of Vietnam?,elections,2026-01-20 16:00:23.132000+00:00,2026-01-25 00:00:00+00:00,NO,0.0455,history,4087576.304636003,0,0.00207025,0.04656763581633473,4.333065601851852,1-7 days,$1m-$5m,0.5,0.13953488372093023
polymarket,666860,Trump out as President by March 31?,elections,2025-11-05 21:55:57.250512+00:00,2026-03-31 00:00:00+00:00,NO,0.0005,history,13448709.655509828,0,2.5e-07,0.0005001250416822429,145.08614293388888,30+ days,$5m+,0.5,0.13953488372093023
polymarket,1972550,Counter-Strike: Vitality vs G2 - Map 1 Winner,sports,2026-04-13 18:34:23.337290+00:00,2026-04-14 17:00:00+00:00,NO,0.785,history,503891.7404020004,0,0.616225,1.5371172508544744,0.9344521146990741,<1 day,$250k-$1m,0.5,0.3266563944530046
polymarket,1972548,Counter-Strike: Vitality vs G2 (BO3) - IEM Rio Group A,sports,2026-04-13 18:33:01.348170+00:00,2026-04-14 19:00:00+00:00,YES,0.745,history,4598565.809931974,1,0.065025,0.29437106060257756,1.0187343961805555,1-7 days,$1m-$5m,0.5,0.3266563944530046
polymarket,1972552,Counter-Strike: Vitality vs G2 - Map 2 Winner,sports,2026-04-13 18:32:42.001278+00:00,2026-04-14 17:00:00+00:00,YES,0.705,history,968585.051282,1,0.08702500000000002,0.34955747616986843,0.9356249852083334,<1 day,$250k-$1m,0.5,0.3266563944530046
polymarket,1972556,Map Handicap: VIT (-1.5) vs G2 (+1.5),sports,2026-04-13 18:33:59.596527+00:00,2026-04-14 19:00:00+00:00,NO,0.655,history,953312.5309600006,0,0.42902500000000005,1.0642108619507773,1.0180602253819444,1-7 days,$250k-$1m,0.5,0.3266563944530046
polymarket,1947793,Rolex Monte Carlo Masters: Carlos Alcaraz vs Jannik Sinner,sports,2026-04-11 16:06:49.691831+00:00,2026-04-19 13:00:00+00:00,NO,0.495,history,6103030.877868031,0,0.245025,0.6831968497067772,7.870258196400463,7-30 days,$5m+,0.5,0.3266563944530046
polymarket,1948620,Carlos Alcaraz vs. Jannik Sinner: Total Sets O/U 2.5,sports,2026-04-11 17:06:07.451461+00:00,2026-04-19 13:00:00+00:00,NO,0.47,history,428217.480695,0,0.22089999999999999,0.6348782724359695,7.8290804229050925,7-30 days,$250k-$1m,0.5,0.3266563944530046
polymarket,1984614,Map Handicap: VIT (-1.5) vs Team Falcons (+1.5),sports,2026-04-14 18:42:54.934312+00:00,2026-04-16 00:00:00+00:00,NO,0.355,history,495066.43451300025,0,0.126025,0.43850496218636453,1.2201975195370371,1-7 days,$250k-$1m,0.5,0.3266563944530046
polymarket,1984612,Counter-Strike: Vitality vs Team Falcons - Map 2 Winner,sports,2026-04-14 18:42:48.466844+00:00,2026-04-15 22:00:00+00:00,YES,0.675,history,376199.28578999976,1,0.10562499999999997,0.3930425881096072,1.1369390411574074,1-7 days,$250k-$1m,0.5,0.3266563944530046
polymarket,1984610,Counter-Strike: Vitality vs Team Falcons (BO3) - IEM Rio Group A,sports,2026-04-14 18:43:32.348732+00:00,2026-04-16 00:00:00+00:00,NO,0.33,history,4301008.500412006,0,0.10890000000000001,0.4004775665971254,1.2197644822685185,1-7 days,$1m-$5m,0.5,0.3266563944530046
polymarket,1984611,Counter-Strike: Vitality vs Team Falcons - Map 1 Winner,sports,2026-04-14 18:42:48.213070+00:00,2026-04-15 22:00:00+00:00,NO,0.575,history,477370.9392749999,0,0.33062499999999995,0.8556661100577201,1.1369419783564816,1-7 days,$250k-$1m,0.5,0.3266563944530046
polymarket,1939797,Counter-Strike: Astralis vs FUT Esports - Map 4 Winner,sports,2026-04-10 19:42:57.214078+00:00,2026-04-11 20:00:00+00:00,NO,0.455,history,416985.81359900086,0,0.20702500000000001,0.6069694843188931,1.011837800023148,1-7 days,$250k-$1m,0.5,0.3266563944530046
polymarket,1939793,Counter-Strike: Astralis vs FUT Esports (BO5) - PGL Bucharest Playoffs,sports,2026-04-10 19:42:54.424526+00:00,2026-04-11 20:00:00+00:00,NO,0.445,history,3697969.807713991,0,0.198025,0.5887871652357026,1.0118700865046295,1-7 days,$1m-$5m,0.5,0.3266563944530046
polymarket,1939794,Counter-Strike: Astralis vs FUT Esports - Map 1 Winner,sports,2026-04-10 19:42:43.387358+00:00,2026-04-11 20:00:00+00:00,NO,0.45,history,181510.9754099998,0,0.2025,0.5978370007556204,1.0119978315046296,1-7 days,$100k-$250k,0.5,0.3266563944530046
polymarket,1939795,Counter-Strike: Astralis vs FUT Esports - Map 2 Winner,sports,2026-04-10 19:42:45.530864+00:00,2026-04-11 20:00:00+00:00,NO,0.17,history,358018.5504649995,0,0.028900000000000006,0.18632957819149348,1.0119730224074075,1-7 days,$250k-$1m,0.5,0.3266563944530046
polymarket,1939796,Counter-Strike: Astralis vs FUT Esports - Map 3 Winner,sports,2026-04-10 19:43:09.740721+00:00,2026-04-11 20:00:00+00:00,YES,0.47,history,710266.990110001,1,0.28090000000000004,0.7550225842780328,1.0116928157291667,1-7 days,$250k-$1m,0.5,0.3266563944530046
polymarket,2016481,Counter-Strike: Spirit vs Vitality (BO5) - IEM Rio Playoffs,sports,2026-04-18 20:44:06.040642+00:00,2026-04-19 23:00:00+00:00,NO,0.0205,history,2591089.2503639995,0,0.00042025000000000005,0.02071304159754157,1.0943745296064813,1-7 days,$1m-$5m,0.5,0.3266563944530046
polymarket,2016482,Counter-Strike: Spirit vs Vitality - Map 1 Winner,sports,2026-04-18 20:43:38.626178+00:00,2026-04-19 21:00:00+00:00,NO,0.385,history,609047.7329849976,0,0.148225,0.4861330111756192,1.0113584933101851,1-7 days,$250k-$1m,0.5,0.3266563944530046
polymarket,2016483,Counter-Strike: Spirit vs Vitality - Map 2 Winner,sports,2026-04-18 20:42:40.285738+00:00,2026-04-19 21:00:00+00:00,NO,0.335,history,843659.6152770008,0,0.11222500000000002,0.4079682383262829,1.0120337298842592,1-7 days,$250k-$1m,0.5,0.3266563944530046
polymarket,2016484,Counter-Strike: Spirit vs Vitality - Map 3 Winner,sports,2026-04-18 20:43:11.464239+00:00,2026-04-19 22:00:00+00:00,NO,0.345,history,633201.2763190005,0,0.11902499999999998,0.4231200433468851,1.0533395342708334,1-7 days,$250k-$1m,0.5,0.3266563944530046
polymarket,2016490,Map Handicap: VIT (-1.5) vs Spirit (+1.5),sports,2026-04-18 20:42:51.667972+00:00,2026-04-19 23:00:00+00:00,YES,0.575,history,430572.60344000097,1,0.18062500000000004,0.5533852381847867,1.0952353243981483,1-7 days,$250k-$1m,0.5,0.3266563944530046
polymarket,2016492,Map Handicap: VIT (-2.5) vs Spirit (+2.5),sports,2026-04-18 20:43:13.992020+00:00,2026-04-19 23:00:00+00:00,YES,0.305,history,246765.01177299992,1,0.4830250000000001,1.1874435023747254,1.0949769442129629,1-7 days,$100k-$250k,0.5,0.3266563944530046
polymarket,1776897,Dota 2: Tundra Esports vs Team Yandex (BO5) - ESL One Birmingham Playoffs,sports,2026-03-29 14:32:39.600108+00:00,2026-03-29 21:15:00+00:00,YES,0.91,history,1219249.1321349998,1,0.008099999999999994,0.09431067947124129,0.2794027765277778,<1 day,$1m-$5m,0.5,0.3266563944530046
polymarket,1776898,Dota 2: Tundra Esports vs Team Yandex - Game 1 Winner,sports,2026-03-29 14:33:16.602537+00:00,2026-03-29 21:15:00+00:00,NO,0.1,history,913230.9380789998,0,0.010000000000000002,0.10536051565782628,0.27897450767361115,<1 day,$250k-$1m,0.5,0.3266563944530046
polymarket,1776899,Dota 2: Tundra Esports vs Team Yandex - Game 2 Winner,sports,2026-03-29 14:32:44.674550+00:00,2026-03-29 21:15:00+00:00,YES,0.6,history,1342253.6900030014,1,0.16000000000000003,0.5108256237659907,0.2793440445601852,<1 day,$1m-$5m,0.5,0.3266563944530046
polymarket,1776901,Dota 2: Tundra Esports vs Team Yandex - Game 3 Winner,sports,2026-03-29 14:32:54.784666+00:00,2026-03-29 21:15:00+00:00,YES,0.57,history,823777.492618,1,0.18490000000000004,0.5621189181535413,0.2792270293287037,<1 day,$250k-$1m,0.5,0.3266563944530046
polymarket,1776903,Dota 2: Tundra Esports vs Team Yandex - Game 4 Winner,sports,2026-03-29 14:33:25.096719+00:00,2026-03-29 21:15:00+00:00,YES,0.755,history,623694.456869,1,0.060024999999999995,0.28103752973311236,0.2788761953819444,<1 day,$250k-$1m,0.5,0.3266563944530046
polymarket,1776907,Game Handicap: Tundra (-1.5) vs Team Yandex (+1.5),sports,2026-03-29 14:33:18.764753+00:00,2026-03-29 21:15:00+00:00,YES,0.57,history,116020.698776,1,0.18490000000000004,0.5621189181535413,0.278949482025463,<1 day,$100k-$250k,0.5,0.3266563944530046
polymarket,561368,Will Dylan Harper win the 2025–26 NBA Rookie of the Year award?,sports,2025-07-09 20:40:55.426000+00:00,2026-05-18 00:00:00+00:00,NO,0.0005,history,235617.897093,0,2.5e-07,0.0005001250416822429,312.1382473842593,30+ days,$100k-$250k,0.5,0.3266563944530046
polymarket,561365,Will Cooper Flagg win the 2025–26 NBA Rookie of the Year award?,sports,2025-07-09 20:40:54.921000+00:00,2026-05-18 00:00:00+00:00,YES,0.7345,history,938369.8072940008,1,0.07049024999999998,0.308565283368205,312.13825322916665,30+ days,$250k-$1m,0.5,0.3266563944530046
polymarket,561366,Will Tre Johnson win the 2025–26 NBA Rookie of the Year award?,sports,2025-07-09 20:40:55.174000+00:00,2026-05-18 00:00:00+00:00,NO,0.0005,history,193443.833528,0,2.5e-07,0.0005001250416822429,312.13825030092596,30+ days,$100k-$250k,0.5,0.3266563944530046
polymarket,561367,Will Ace Bailey win the 2025–26 NBA Rookie of the Year award?,sports,2025-07-09 20:40:55.931000+00:00,2026-05-18 00:00:00+00:00,NO,0.0005,history,135631.47228800005,0,2.5e-07,0.0005001250416822429,312.13824153935184,30+ days,$100k-$250k,0.5,0.3266563944530046
polymarket,561369,Will V.J. Edgecombe win the 2025–26 NBA Rookie of the Year award?,sports,2025-07-09 20:40:55.679000+00:00,2026-05-18 00:00:00+00:00,NO,0.0005,history,364046.90831500007,0,2.5e-07,0.0005001250416822429,312.1382444560185,30+ days,$250k-$1m,0.5,0.3266563944530046
polymarket,561370,Will Kon Knueppel win the 2025–26 NBA Rookie of the Year award?,sports,2025-07-09 20:41:00.027000+00:00,2026-05-18 00:00:00+00:00,NO,0.2505,history,1130584.4613119983,0,0.06275025,0.2883489614394846,312.13819413194443,30+ days,$1m-$5m,0.5,0.3266563944530046
polymarket,561371,Will Derik Queen win the 2025–26 NBA Rookie of the Year award?,sports,2025-07-09 20:41:00.280000+00:00,2026-05-18 00:00:00+00:00,NO,0.0005,history,886916.9905020003,0,2.5e-07,0.0005001250416822429,312.1381912037037,30+ days,$250k-$1m,0.5,0.3266563944530046
polymarket,561373,Will Cedric Coward win the 2025–26 NBA Rookie of the Year award?,sports,2025-07-09 20:41:05.257000+00:00,2026-05-18 00:00:00+00:00,NO,0.0005,history,570744.708313,0,2.5e-07,0.0005001250416822429,312.13813359953707,30+ days,$250k-$1m,0.5,0.3266563944530046
polymarket,561377,Will Jase Richardson win the 2025–26 NBA Rookie of the Year award?,sports,2025-07-09 20:41:05.004000+00:00,2026-05-18 00:00:00+00:00,NO,0.0005,history,102602.24133000002,0,2.5e-07,0.0005001250416822429,312.13813652777776,30+ days,$100k-$250k,0.5,0.3266563944530046
polymarket,561379,Will Walter Clayton Jr. win the 2025–26 NBA Rookie of the Year award?,sports,2025-07-09 20:41:04.011000+00:00,2026-05-18 00:00:00+00:00,NO,0.0005,history,128337.43215100004,0,2.5e-07,0.0005001250416822429,312.13814802083334,30+ days,$100k-$250k,0.5,0.3266563944530046
polymarket,1955423,LoL: KT Rolster vs Dplus KIA (BO3) - LCK Rounds 1-2,sports,2026-04-12 07:56:28.388045+00:00,2026-04-15 16:00:00+00:00,YES,0.595,history,2844336.016917997,1,0.16402500000000003,0.5191938734365074,3.3357825457754626,1-7 days,$1m-$5m,0.5,0.3266563944530046
polymarket,1955424,LoL: KT Rolster vs Dplus KIA - Game 1 Winner,sports,2026-04-12 07:54:33.322711+00:00,2026-04-15 14:00:00+00:00,NO,0.575,history,717940.9274979995,0,0.33062499999999995,0.8556661100577201,3.253780987141204,1-7 days,$250k-$1m,0.5,0.3266563944530046
polymarket,1955425,LoL: KT Rolster vs Dplus KIA - Game 2 Winner,sports,2026-04-12 07:52:45.642381+00:00,2026-04-15 14:00:00+00:00,YES,0.565,history,1081132.332447998,1,0.18922500000000006,0.5709295478356962,3.2550272872569446,1-7 days,$1m-$5m,0.5,0.3266563944530046
polymarket,1955427,Game Handicap: KT (-1.5) vs Dplus KIA (+1.5),sports,2026-04-12 07:55:06.563566+00:00,2026-04-15 16:00:00+00:00,NO,0.345,history,144039.58726599996,0,0.11902499999999998,0.4231200433468851,3.3367295883564814,1-7 days,$100k-$250k,0.5,0.3266563944530046
polymarket,1765555,Counter-Strike: Vitality vs Natus Vincere (BO5) - BLAST Open Rotterdam Playoffs,sports,2026-03-28 20:13:26.028369+00:00,2026-03-29 16:30:00+00:00,YES,0.96,history,1837414.1430489984,1,0.001600000000000003,0.040821994520255166,0.8448376346180555,<1 day,$1m-$5m,0.5,0.3266563944530046
polymarket,1765556,Counter-Strike: Vitality vs Natus Vincere - Map 1 Winner,sports,2026-03-28 20:12:46.641097+00:00,2026-03-29 14:30:00+00:00,YES,0.82,history,709885.4591400004,1,0.03240000000000002,0.19845093872383832,0.761960172488426,<1 day,$250k-$1m,0.5,0.3266563944530046
polymarket,1765557,Counter-Strike: Vitality vs Natus Vincere - Map 2 Winner,sports,2026-03-28 20:12:44.821912+00:00,2026-03-29 14:30:00+00:00,YES,0.66,history,645410.5671640004,1,0.11559999999999998,0.4155154439616658,0.7619812278703704,<1 day,$250k-$1m,0.5,0.3266563944530046
polymarket,1765558,Counter-Strike: Vitality vs Natus Vincere - Map 3 Winner,sports,2026-03-28 20:13:06.094206+00:00,2026-03-29 15:30:00+00:00,YES,0.725,history,712558.4987250001,1,0.07562500000000001,0.32158362412746233,0.8034016874305556,<1 day,$250k-$1m,0.5,0.3266563944530046
polymarket,1765562,Map Handicap: VIT (-2.5) vs Natus Vincere (+2.5),sports,2026-03-28 20:12:44.568413+00:00,2026-03-29 16:30:00+00:00,YES,0.71,history,459471.0458499917,1,0.08410000000000002,0.342490308946776,0.8453174952199074,<1 day,$250k-$1m,0.5,0.3266563944530046
polymarket,1765563,Map Handicap: VIT (-1.5) vs Natus Vincere (+1.5),sports,2026-03-28 20:12:56.047841+00:00,2026-03-29 16:30:00+00:00,YES,0.675,history,169257.41336999982,1,0.10562499999999997,0.3930425881096072,0.8451846314699073,<1 day,$100k-$250k,0.5,0.3266563944530046
polymarket,954518,Will the Slovenian Democratic Party (SDS) win the most seats in the 2026 Slovenian parliamentary election?,elections,2025-12-23 21:45:53.447000+00:00,2026-03-22 00:00:00+00:00,NO,0.137,history,2529733.7614079975,0,0.018769000000000004,0.14734058789870913,88.09313140046297,30+ days,$1m-$5m,0.5,0.13953488372093023
polymarket,954519,Will the Freedom Movement (GS) win the most seats in the 2026 Slovenian parliamentary election?,elections,2025-12-23 21:45:55.157000+00:00,2026-03-22 00:00:00+00:00,YES,0.902,history,2160198.95847501,1,0.009603999999999994,0.10314075891951337,88.0931116087963,30+ days,$1m-$5m,0.5,0.13953488372093023
polymarket,1955515,LoL: Dplus KIA vs T1 (BO3) - LCK Rounds 1-2,sports,2026-04-12 07:58:11.030112+00:00,2026-04-17 16:00:00+00:00,YES,0.685,history,2518500.8439020156,1,0.09922499999999997,0.3783364407199117,5.334594558888889,1-7 days,$1m-$5m,0.5,0.3266563944530046
polymarket,1955516,LoL: Dplus KIA vs T1 - Game 1 Winner,sports,2026-04-12 07:53:39.719728+00:00,2026-04-17 14:00:00+00:00,YES,0.44,history,1175999.1404250015,1,0.31360000000000005,0.8209805520698302,5.254401392037037,1-7 days,$1m-$5m,0.5,0.3266563944530046
polymarket,1955517,LoL: Dplus KIA vs T1 - Game 2 Winner,sports,2026-04-12 07:53:43.985508+00:00,2026-04-17 14:00:00+00:00,NO,0.435,history,676459.4018750014,0,0.189225,0.5709295478356962,5.254352019583333,1-7 days,$250k-$1m,0.5,0.3266563944530046
polymarket,643550,Will Victor Wembanyama win the 2025–2026 NBA Defensive Player of the Year?,sports,2025-10-22 05:45:19.604677+00:00,2026-06-30 00:00:00+00:00,YES,0.9655,history,1484830.889460005,1,0.0011902499999999984,0.035109177113567896,250.7601897606829,30+ days,$1m-$5m,0.5,0.3266563944530046
polymarket,643551,Will Chet Holmgren win the 2025–2026 NBA Defensive Player of the Year?,sports,2025-10-22 05:45:21.708384+00:00,2026-06-30 00:00:00+00:00,NO,0.027,history,231173.20144899993,0,0.0007289999999999999,0.027371196796132015,250.76016541222222,30+ days,$100k-$250k,0.5,0.3266563944530046
polymarket,643553,Will Amen Thompson win the 2025–2026 NBA Defensive Player of the Year?,sports,2025-10-22 05:45:22.487113+00:00,2026-06-30 00:00:00+00:00,NO,0.0005,history,508433.283486,0,2.5e-07,0.0005001250416822429,250.7601563991551,30+ days,$250k-$1m,0.5,0.3266563944530046
polymarket,643569,Will Walker Kessler win the 2025–2026 NBA Defensive Player of the Year?,sports,2025-10-22 05:45:27.838090+00:00,2026-06-30 00:00:00+00:00,NO,0.0005,history,460379.1563159997,0,2.5e-07,0.0005001250416822429,250.76009446655095,30+ days,$250k-$1m,0.5,0.3266563944530046
polymarket,643570,Will Rudy Gobert win the 2025–2026 NBA Defensive Player of the Year?,sports,2025-10-22 05:45:28.092687+00:00,2026-06-30 00:00:00+00:00,NO,0.0005,history,306243.71080600005,0,2.5e-07,0.0005001250416822429,250.7600915198264,30+ days,$250k-$1m,0.5,0.3266563944530046
polymarket,643573,Will Donovan Clingan win the 2025–2026 NBA Defensive Player of the Year?,sports,2025-10-22 05:45:28.860675+00:00,2026-06-30 00:00:00+00:00,NO,0.0005,history,576619.2959999999,0,2.5e-07,0.0005001250416822429,250.7600826310764,30+ days,$250k-$1m,0.5,0.3266563944530046
polymarket,643574,Will Joel Embiid win the 2025–2026 NBA Defensive Player of the Year?,sports,2025-10-22 05:45:29.115233+00:00,2026-06-30 00:00:00+00:00,NO,0.0005,history,183057.7032209998,0,2.5e-07,0.0005001250416822429,250.76007968480323,30+ days,$100k-$250k,0.5,0.3266563944530046
polymarket,1747201,Counter-Strike: Natus Vincere vs PARIVISION (BO3) - BLAST Open Rotterdam Playoffs,sports,2026-03-27 20:42:39.357606+00:00,2026-03-28 22:50:00+00:00,YES,0.525,history,2632840.5127709927,1,0.225625,0.6443570163905132,1.0884333610416665,1-7 days,$1m-$5m,0.5,0.3266563944530046
polymarket,1747202,Counter-Strike: Natus Vincere vs PARIVISION - Map 1 Winner,sports,2026-03-27 20:42:38.849246+00:00,2026-03-28 22:50:00+00:00,YES,0.9995,history,601647.0984689993,1,2.4999999999994493e-07,0.0005001250416822429,1.088439244837963,1-7 days,$250k-$1m,0.5,0.3266563944530046
polymarket,1747203,Counter-Strike: Natus Vincere vs PARIVISION - Map 2 Winner,sports,2026-03-27 20:42:39.103552+00:00,2026-03-28 22:50:00+00:00,NO,0.0005,history,712126.2318210007,0,2.5e-07,0.0005001250416822429,1.0884363014814815,1-7 days,$250k-$1m,0.5,0.3266563944530046
polymarket,1747204,Games Total: O/U 2.5,sports,2026-03-27 20:42:34.301889+00:00,2026-03-28 22:50:00+00:00,YES,0.445,history,217660.11787999977,1,0.30802499999999994,0.8096809968158968,1.0884918762847222,1-7 days,$100k-$250k,0.5,0.3266563944530046
polymarket,1702395,LoL: Gen.G vs KT Rolster (BO3) - LCK Rounds 1-2,sports,2026-03-24 10:37:47.449897+00:00,2026-04-03 14:00:00+00:00,NO,0.865,history,2184399.388790003,0,0.748225,2.0024805005437076,10.140423033599538,7-30 days,$1m-$5m,0.5,0.3266563944530046
polymarket,1702396,LoL: Gen.G vs KT Rolster - Game 1 Winner,sports,2026-03-24 10:38:13.768145+00:00,2026-04-03 12:00:00+00:00,NO,0.745,history,613202.0495370004,0,0.555025,1.3664917338237108,10.056785090914351,7-30 days,$250k-$1m,0.5,0.3266563944530046
polymarket,1702397,LoL: Gen.G vs KT Rolster - Game 2 Winner,sports,2026-03-24 10:39:38.909051+00:00,2026-04-03 12:00:00+00:00,YES,0.74,history,951670.1497530012,1,0.06760000000000001,0.3011050927839216,10.055799663761574,7-30 days,$250k-$1m,0.5,0.3266563944530046
polymarket,1702399,Game Handicap: GEN (-1.5) vs KT Rolster (+1.5),sports,2026-03-24 10:34:48.356834+00:00,2026-04-03 14:00:00+00:00,NO,0.555,history,211519.39228099992,0,0.30802500000000005,0.809680996815897,10.142495869976852,7-30 days,$100k-$250k,0.5,0.3266563944530046
polymarket,1632626,Will Fabiano Caruana win the 2026 FIDE Candidates Tournament?,sports,2026-03-18 16:03:00.962710+00:00,2026-04-17 00:00:00+00:00,NO,0.0225,history,491982.8266899993,0,0.00050625,0.02275698712261618,29.331238857523147,7-30 days,$250k-$1m,0.5,0.3266563944530046
polymarket,1632628,Will Anish Giri win the 2026 FIDE Candidates Tournament?,sports,2026-03-18 16:03:14.194860+00:00,2026-04-17 00:00:00+00:00,NO,0.0315,history,515249.90897699987,0,0.00099225,0.03200679613508645,29.331085707638888,7-30 days,$250k-$1m,0.5,0.3266563944530046
polymarket,1632629,Will Javokhir Sindarov win the 2026 FIDE Candidates Tournament?,sports,2026-03-18 16:03:22.426087+00:00,2026-04-17 00:00:00+00:00,YES,0.9675,history,720861.7982040019,1,0.0010562499999999982,0.033039854078200155,29.33099043880787,7-30 days,$250k-$1m,0.5,0.3266563944530046
polymarket,1632625,Will Hikaru Nakamura win the 2026 FIDE Candidates Tournament?,sports,2026-03-18 16:02:53.855163+00:00,2026-04-17 00:00:00+00:00,NO,0.045,history,504603.1358100003,0,0.002025,0.046043938501406846,29.33132112079861,7-30 days,$250k-$1m,0.5,0.3266563944530046
polymarket,1632627,Will Wei Yi win the 2026 FIDE Candidates Tournament?,sports,2026-03-18 16:03:06.034158+00:00,2026-04-17 00:00:00+00:00,NO,0.021,history,483914.57108499995,0,0.00044100000000000004,0.021223636451626688,29.331180160208337,7-30 days,$250k-$1m,0.5,0.3266563944530046
polymarket,1632630,Will Praggnanandhaa R win the 2026 FIDE Candidates Tournament?,sports,2026-03-18 16:03:30.626258+00:00,2026-04-17 00:00:00+00:00,NO,0.022,history,314602.1332700001,0,0.00048399999999999995,0.022245608947319737,29.330895529421298,7-30 days,$250k-$1m,0.5,0.3266563944530046
polymarket,1632631,Will Matthias Bluebaum win the 2026 FIDE Candidates Tournament?,sports,2026-03-18 16:03:36.652576+00:00,2026-04-17 00:00:00+00:00,NO,0.02,history,350938.37609499955,0,0.0004,0.020202707317519466,29.330825780370372,7-30 days,$250k-$1m,0.5,0.3266563944530046
polymarket,1632632,Will Andrey Esipenko win the 2026 FIDE Candidates Tournament?,sports,2026-03-18 16:03:42.566577+00:00,2026-04-17 00:00:00+00:00,NO,0.022,history,659103.5587439995,0,0.00048399999999999995,0.022245608947319737,29.330757331284723,7-30 days,$250k-$1m,0.5,0.3266563944530046
polymarket,1767125,Dota 2: Team Yandex vs Xtreme Gaming (BO3) - ESL One Birmingham Playoffs,sports,2026-03-28 22:32:39.807815+00:00,2026-03-29 17:00:00+00:00,YES,0.655,history,1938349.2895229952,1,0.11902499999999998,0.4231200433468851,0.7689837058449075,<1 day,$1m-$5m,0.5,0.3266563944530046
polymarket,1767126,Dota 2: Team Yandex vs Xtreme Gaming - Game 1 Winner,sports,2026-03-28 22:32:26.134301+00:00,2026-03-29 17:00:00+00:00,YES,0.5,history,957646.422612,1,0.25,0.6931471805599453,0.7691419641087963,<1 day,$250k-$1m,0.5,0.3266563944530046
polymarket,1767127,Dota 2: Team Yandex vs Xtreme Gaming - Game 2 Winner,sports,2026-03-28 22:32:25.626618+00:00,2026-03-29 17:00:00+00:00,NO,0.021,history,1038334.1364339996,0,0.00044100000000000004,0.021223636451626688,0.7691478400694445,<1 day,$1m-$5m,0.5,0.3266563944530046
polymarket,1974869,Counter-Strike: Natus Vincere vs FURIA (BO3) - IEM Rio Group B,sports,2026-04-13 22:53:04.112138+00:00,2026-04-15 00:30:00+00:00,NO,0.725,history,2950113.4437119933,0,0.525625,1.2909841813155656,1.0673135169212964,1-7 days,$1m-$5m,0.5,0.3266563944530046
polymarket,1974870,Counter-Strike: Natus Vincere vs FURIA - Map 1 Winner,sports,2026-04-13 22:52:44.477914+00:00,2026-04-15 00:30:00+00:00,YES,0.57,history,210356.99044100003,1,0.18490000000000004,0.5621189181535413,1.0675407648842592,1-7 days,$100k-$250k,0.5,0.3266563944530046
polymarket,1974871,Counter-Strike: Natus Vincere vs FURIA - Map 2 Winner,sports,2026-04-13 22:52:46.533931+00:00,2026-04-15 00:30:00+00:00,NO,0.525,history,333816.9002849997,0,0.275625,0.7444404749474959,1.0675169683912038,1-7 days,$250k-$1m,0.5,0.3266563944530046
polymarket,1974873,Map Handicap: NAVI (-1.5) vs FURIA (+1.5),sports,2026-04-13 22:52:57.768082+00:00,2026-04-15 00:30:00+00:00,NO,0.305,history,141187.99677300008,0,0.093025,0.3638434334173448,1.0673869434953704,1-7 days,$100k-$250k,0.5,0.3266563944530046
polymarket,2054026,Dota 2: Team Liquid vs Team Falcons (BO3) - PGL Wallachia Playoffs,sports,2026-04-22 17:49:23.102562+00:00,2026-04-23 19:25:00+00:00,YES,0.685,history,1025858.4180760012,1,0.09922499999999997,0.3783364407199117,1.0663992759027778,1-7 days,$1m-$5m,0.5,0.3266563944530046
polymarket,2054027,Dota 2: Team Liquid vs Team Falcons - Game 1 Winner,sports,2026-04-22 17:47:51.895482+00:00,2026-04-23 19:25:00+00:00,YES,0.335,history,1652816.617214998,1,0.44222500000000003,1.0936247471570706,1.0674549134027778,1-7 days,$1m-$5m,0.5,0.3266563944530046
polymarket,2054028,Dota 2: Team Liquid vs Team Falcons - Game 2 Winner,sports,2026-04-22 17:46:20.242202+00:00,2026-04-23 19:25:00+00:00,YES,0.445,history,929368.119441999,1,0.30802499999999994,0.8096809968158968,1.0685157152546296,1-7 days,$250k-$1m,0.5,0.3266563944530046
polymarket,1503856,Will Tisza win the national list vote in the 2026 Hungarian Parliamentary election by 9%+?,elections,2026-03-05 22:02:51.399000+00:00,2026-04-12 00:00:00+00:00,YES,0.9785,history,1028655.3138439986,1,0.0004622499999999984,0.021734492146006094,37.08134954861111,30+ days,$1m-$5m,0.5,0.13953488372093023
polymarket,1503859,Will Tisza win the national list vote in the 2026 Hungarian Parliamentary election by 0-3%?,elections,2026-03-05 22:03:16.551000+00:00,2026-04-12 00:00:00+00:00,NO,0.0865,history,167631.97214199996,0,0.007482249999999999,0.09047190316407568,37.0810584375,30+ days,$100k-$250k,0.5,0.13953488372093023
polymarket,1503862,Will Fidesz-KDNP win the national list vote in the 2026 Hungarian Parliamentary election by 6-9%?,elections,2026-03-05 22:03:18.451000+00:00,2026-04-12 00:00:00+00:00,NO,0.0315,history,665020.0219130011,0,0.00099225,0.03200679613508645,37.08103644675926,30+ days,$250k-$1m,0.5,0.13953488372093023
polymarket,1503857,Will Tisza win the national list vote in the 2026 Hungarian Parliamentary election by 6-9%?,elections,2026-03-05 22:02:47.330000+00:00,2026-04-12 00:00:00+00:00,NO,0.021,history,187073.58654900003,0,0.00044100000000000004,0.021223636451626688,37.08139664351852,30+ days,$100k-$250k,0.5,0.13953488372093023
polymarket,1503858,Will Tisza win the national list vote in the 2026 Hungarian Parliamentary election by 3-6%?,elections,2026-03-05 22:02:52.421000+00:00,2026-04-12 00:00:00+00:00,NO,0.075,history,167861.8302229998,0,0.005625,0.0779615414697118,37.08133771990741,30+ days,$100k-$250k,0.5,0.13953488372093023
polymarket,1503860,Will Fidesz-KDNP win the national list vote in the 2026 Hungarian Parliamentary election by 0-3%?,elections,2026-03-05 22:03:04.535000+00:00,2026-04-12 00:00:00+00:00,NO,0.036,history,239041.99565899983,0,0.0012959999999999998,0.03666398437159147,37.081197511574075,30+ days,$100k-$250k,0.5,0.13953488372093023
polymarket,1503861,Will Fidesz-KDNP win the national list vote in the 2026 Hungarian Parliamentary election by 3-6%?,elections,2026-03-05 22:03:26.194000+00:00,2026-04-12 00:00:00+00:00,NO,0.037,history,251018.21003099976,0,0.0013689999999999998,0.03770186718401153,37.0809468287037,30+ days,$250k-$1m,0.5,0.13953488372093023
polymarket,1503863,Will Fidesz-KDNP win the national list vote in the 2026 Hungarian Parliamentary election by 9%+?,elections,2026-03-05 22:03:28.366000+00:00,2026-04-12 00:00:00+00:00,NO,0.0205,history,793502.437988002,0,0.00042025000000000005,0.02071304159754157,37.080921689814815,30+ days,$250k-$1m,0.5,0.13953488372093023
polymarket,1503864,Will another outcome occur in the 2026 Hungarian Parliamentary election?,elections,2026-03-05 22:03:36.731000+00:00,2026-04-12 00:00:00+00:00,NO,0.0005,history,114359.56292500002,0,2.5e-07,0.0005001250416822429,37.080824872685184,30+ days,$100k-$250k,0.5,0.13953488372093023
polymarket,2008450,Counter-Strike: Team Falcons vs Spirit (BO3) - IEM Rio Playoffs,sports,2026-04-17 21:02:29.757514+00:00,2026-04-18 21:00:00+00:00,NO,0.595,history,2508596.949701994,0,0.354025,0.9038682118755978,0.9982666954398148,<1 day,$1m-$5m,0.5,0.3266563944530046
polymarket,2008451,Counter-Strike: Team Falcons vs Spirit - Map 1 Winner,sports,2026-04-17 21:02:27.462929+00:00,2026-04-18 19:00:00+00:00,NO,0.505,history,380654.6808650001,0,0.255025,0.7031975164134467,0.9149599198032408,<1 day,$250k-$1m,0.5,0.3266563944530046
polymarket,2008452,Counter-Strike: Team Falcons vs Spirit - Map 2 Winner,sports,2026-04-17 21:03:02.293562+00:00,2026-04-18 19:00:00+00:00,NO,0.605,history,609025.2653180016,0,0.366025,0.9288695140810151,0.9145567874768518,<1 day,$250k-$1m,0.5,0.3266563944530046
polymarket,1994998,Counter-Strike: Vitality vs Natus Vincere (BO3) - IEM Rio Playoffs,sports,2026-04-16 00:29:11.744013+00:00,2026-04-18 00:15:00+00:00,YES,0.925,history,1940264.0178679975,1,0.005624999999999994,0.0779615414697118,1.9901418517013891,1-7 days,$1m-$5m,0.5,0.3266563944530046
polymarket,1994999,Counter-Strike: Vitality vs Natus Vincere - Map 1 Winner,sports,2026-04-16 00:28:57.793783+00:00,2026-04-17 22:15:00+00:00,YES,0.645,history,374734.39129399945,1,0.126025,0.43850496218636453,1.9069699793634258,1-7 days,$250k-$1m,0.5,0.3266563944530046
polymarket,1995000,Counter-Strike: Vitality vs Natus Vincere - Map 2 Winner,sports,2026-04-16 00:57:19.974125+00:00,2026-04-17 22:15:00+00:00,YES,0.775,history,760977.866059,1,0.05062499999999999,0.25489224962879004,1.887268817997685,1-7 days,$250k-$1m,0.5,0.3266563944530046
polymarket,1995002,Map Handicap: VIT (-1.5) vs Natus Vincere (+1.5),sports,2026-04-16 00:57:12.928165+00:00,2026-04-18 00:15:00+00:00,YES,0.765,history,430687.42255399976,1,0.055224999999999996,0.2678794451556012,1.9706837017939816,1-7 days,$250k-$1m,0.5,0.3266563944530046
polymarket,1955538,LoL: Hanwha Life Esports vs Gen.G (BO3) - LCK Rounds 1-2,sports,2026-04-12 07:53:55.079576+00:00,2026-04-18 14:00:00+00:00,YES,0.625,history,748471.0839770008,1,0.140625,0.4700036292457356,6.2542236160185185,1-7 days,$250k-$1m,0.5,0.3266563944530046
polymarket,1955539,LoL: Hanwha Life Esports vs Gen.G - Game 1 Winner,sports,2026-04-12 07:56:18.234842+00:00,2026-04-18 12:00:00+00:00,YES,0.375,history,1317694.301365001,1,0.390625,0.9808292530117262,6.169233393032408,1-7 days,$1m-$5m,0.5,0.3266563944530046
polymarket,1955540,LoL: Hanwha Life Esports vs Gen.G - Game 2 Winner,sports,2026-04-12 07:54:03.330461+00:00,2026-04-18 12:00:00+00:00,YES,0.365,history,1136121.6564330005,1,0.403225,1.0078579253996456,6.170794786331019,1-7 days,$1m-$5m,0.5,0.3266563944530046
polymarket,1955542,Game Handicap: GEN (-1.5) vs Hanwha Life Esports (+1.5),sports,2026-04-12 07:56:04.335095+00:00,2026-04-18 14:00:00+00:00,NO,0.415,history,136743.56403100005,0,0.172225,0.5361434317502807,6.25272760306713,1-7 days,$100k-$250k,0.5,0.3266563944530046
polymarket,1374257,Will annual inflation increase by 2.2% in March?,sports,2026-02-13 22:00:53.159051+00:00,2026-04-10 00:00:00+00:00,NO,0.0005,history,107931.530178,0,2.5e-07,0.0005001250416822429,55.08271806653935,30+ days,$100k-$250k,0.5,0.3266563944530046
polymarket,1374259,Will annual inflation increase by 2.4% in March?,sports,2026-02-13 22:01:08.477214+00:00,2026-04-10 00:00:00+00:00,NO,0.0005,history,208604.7803999999,0,2.5e-07,0.0005001250416822429,55.08254077298611,30+ days,$100k-$250k,0.5,0.3266563944530046
polymarket,1374262,Will annual inflation increase by 2.7% in March?,sports,2026-02-13 22:01:30.575146+00:00,2026-04-10 00:00:00+00:00,NO,0.0005,history,188599.10314200012,0,2.5e-07,0.0005001250416822429,55.08228500988426,30+ days,$100k-$250k,0.5,0.3266563944530046
polymarket,1374263,Will annual inflation increase by ≥2.8% in March?,sports,2026-02-13 22:01:36.524067+00:00,2026-04-10 00:00:00+00:00,YES,0.98,history,1900362.231388996,1,0.0004000000000000007,0.020202707317519466,55.08221615663195,30+ days,$1m-$5m,0.5,0.3266563944530046
polymarket,1374260,Will annual inflation increase by 2.5% in March?,sports,2026-02-13 22:01:14.612154+00:00,2026-04-10 00:00:00+00:00,NO,0.0005,history,205962.1168079998,0,2.5e-07,0.0005001250416822429,55.082469766736104,30+ days,$100k-$250k,0.5,0.3266563944530046
polymarket,1374255,Will annual inflation increase by ≤2.0% in March?,sports,2026-02-13 22:00:39.344959+00:00,2026-04-10 00:00:00+00:00,NO,0.0005,history,213921.53973199977,0,2.5e-07,0.0005001250416822429,55.08287795186342,30+ days,$100k-$250k,0.5,0.3266563944530046
polymarket,1374258,Will annual inflation increase by 2.3% in March?,sports,2026-02-13 22:01:01.245577+00:00,2026-04-10 00:00:00+00:00,NO,0.0005,history,239085.96158999973,0,2.5e-07,0.0005001250416822429,55.082624472488426,30+ days,$100k-$250k,0.5,0.3266563944530046
polymarket,1374256,Will annual inflation increase by 2.1% in March?,sports,2026-02-13 22:00:47.107240+00:00,2026-04-10 00:00:00+00:00,NO,0.0005,history,103331.59775500002,0,2.5e-07,0.0005001250416822429,55.08278811064815,30+ days,$100k-$250k,0.5,0.3266563944530046
polymarket,1374261,Will annual inflation increase by 2.6% in March?,sports,2026-02-13 22:01:22.642553+00:00,2026-04-10 00:00:00+00:00,NO,0.0005,history,176981.18702199982,0,2.5e-07,0.0005001250416822429,55.082376822303246,30+ days,$100k-$250k,0.5,0.3266563944530046
polymarket,2045483,Dota 2: South America Rejects vs MOUZ (BO3) - PGL Wallachia Group Stage,sports,2026-04-21 16:52:46.185278+00:00,2026-04-22 15:45:00+00:00,YES,0.65,history,1437933.181652,1,0.12249999999999998,0.4307829160924542,0.9529376703935185,<1 day,$1m-$5m,0.5,0.3266563944530046
polymarket,2045484,Dota 2: South America Rejects vs MOUZ - Game 1 Winner,sports,2026-04-21 16:54:38.396497+00:00,2026-04-22 15:45:00+00:00,YES,0.685,history,763909.6498939985,1,0.09922499999999997,0.3783364407199117,0.9516389294328704,<1 day,$250k-$1m,0.5,0.3266563944530046
polymarket,2045485,Dota 2: South America Rejects vs MOUZ - Game 2 Winner,sports,2026-04-21 16:57:06.581488+00:00,2026-04-22 15:45:00+00:00,NO,0.505,history,1048065.7586399966,0,0.255025,0.7031975164134467,0.9499238253703705,<1 day,$1m-$5m,0.5,0.3266563944530046
polymarket,566536,Will Bayern Munich win the 2025–26 Bundesliga?,sports,2025-07-28 16:53:35.741124+00:00,2026-05-28 00:00:00+00:00,YES,0.9995,history,210563.48595300008,1,2.4999999999994493e-07,0.0005001250416822429,303.2961141073611,30+ days,$100k-$250k,0.5,0.3266563944530046
polymarket,566538,Will Dortmund win the 2025–26 Bundesliga?,sports,2025-07-28 16:53:37.808922+00:00,2026-05-28 00:00:00+00:00,NO,0.0005,history,383029.3842110001,0,2.5e-07,0.0005001250416822429,303.2960901745139,30+ days,$250k-$1m,0.5,0.3266563944530046
polymarket,566539,Will RB Leipzig win the 2025–26 Bundesliga?,sports,2025-07-28 16:53:40.116555+00:00,2026-05-28 00:00:00+00:00,NO,0.0005,history,395919.8814069999,0,2.5e-07,0.0005001250416822429,303.29606346579857,30+ days,$250k-$1m,0.5,0.3266563944530046
polymarket,566543,Will Stuttgart win the 2025–26 Bundesliga?,sports,2025-07-28 16:53:44.687043+00:00,2026-05-28 00:00:00+00:00,NO,0.0005,history,374352.5564459995,0,2.5e-07,0.0005001250416822429,303.29601056663194,30+ days,$250k-$1m,0.5,0.3266563944530046
polymarket,566547,Will Hoffenheim win the 2025–26 Bundesliga?,sports,2025-07-28 16:53:45.202693+00:00,2026-05-28 00:00:00+00:00,NO,0.0005,history,334377.94421099965,0,2.5e-07,0.0005001250416822429,303.2960045984606,30+ days,$250k-$1m,0.5,0.3266563944530046
polymarket,1721296,"UFC 327: Jirí Procházka vs. Carlos Ulberg (Light Heavyweight, Main Card)",sports,2026-03-25 22:06:42.489000+00:00,,NO,0.485,history,3170749.1446089935,0,0.235225,0.6635883783184009,,unknown,$1m-$5m,0.5,0.3266563944530046
polymarket,2015213,Indian Premier League: Delhi Capitals vs Punjab Kings,sports,2026-04-18 16:08:24.330426+00:00,2026-05-02 06:00:00+00:00,NO,0.095,history,3211985.322908996,0,0.009025,0.0998203352822109,13.577496175624999,7-30 days,$1m-$5m,0.5,0.3266563944530046
polymarket,2008462,Counter-Strike: FURIA vs Vitality (BO3) - IEM Rio Playoffs,sports,2026-04-17 21:03:04.272503+00:00,2026-04-19 00:15:00+00:00,NO,0.205,history,1702170.815202997,0,0.04202499999999999,0.2294131643278051,1.1332838830671297,1-7 days,$1m-$5m,0.5,0.3266563944530046
polymarket,2008463,Counter-Strike: FURIA vs Vitality - Map 1 Winner,sports,2026-04-17 21:02:52.265403+00:00,2026-04-18 22:15:00+00:00,NO,0.275,history,676813.2908559996,0,0.07562500000000001,0.32158362412746233,1.0500895207986112,1-7 days,$250k-$1m,0.5,0.3266563944530046
polymarket,2008464,Counter-Strike: FURIA vs Vitality - Map 2 Winner,sports,2026-04-17 21:02:33.840324+00:00,2026-04-18 22:15:00+00:00,NO,0.475,history,507755.4921910004,0,0.225625,0.6443570163905132,1.0503027740277777,1-7 days,$250k-$1m,0.5,0.3266563944530046
polymarket,2008466,Map Handicap: VIT (-1.5) vs FURIA (+1.5),sports,2026-04-17 21:02:29.501855+00:00,2026-04-19 00:15:00+00:00,YES,0.57,history,266539.7170180035,1,0.18490000000000004,0.5621189181535413,1.1336863211226853,1-7 days,$250k-$1m,0.5,0.3266563944530046
polymarket,1986945,Counter-Strike: FURIA vs MOUZ (BO3) - IEM Rio Group B,sports,2026-04-14 23:45:48.215492+00:00,2026-04-16 03:35:00+00:00,YES,0.755,history,2419550.3260499905,1,0.060024999999999995,0.28103752973311236,1.1591641725462962,1-7 days,$1m-$5m,0.5,0.3266563944530046
polymarket,1986948,Counter-Strike: FURIA vs MOUZ - Map 1 Winner,sports,2026-04-14 23:46:26.792282+00:00,2026-04-16 03:35:00+00:00,YES,0.795,history,245106.1033579998,1,0.042024999999999986,0.2294131643278051,1.1587176819212963,1-7 days,$100k-$250k,0.5,0.3266563944530046
polymarket,1986950,Counter-Strike: FURIA vs MOUZ - Map 2 Winner,sports,2026-04-14 23:45:45.069178+00:00,2026-04-16 03:35:00+00:00,YES,0.535,history,340720.4022689996,1,0.21622499999999997,0.6254885320861304,1.1592005882175926,1-7 days,$250k-$1m,0.5,0.3266563944530046
polymarket,1867168,LoL: HANJIN BRION vs Kiwoom DRX (BO3) - LCK Rounds 1-2,sports,2026-04-04 22:04:33.190872+00:00,2026-04-09 14:00:00+00:00,NO,0.5785,history,1497472.3700950008,0,0.33466225,0.8639355015402269,4.663504735277778,1-7 days,$1m-$5m,0.5,0.3266563944530046
polymarket,1867173,LoL: HANJIN BRION vs Kiwoom DRX - Game 1 Winner,sports,2026-04-04 22:16:21.343854+00:00,2026-04-09 12:00:00+00:00,YES,0.54,history,535384.0871660002,1,0.21159999999999995,0.616186139423817,4.571975186875,1-7 days,$250k-$1m,0.5,0.3266563944530046
polymarket,1867176,LoL: HANJIN BRION vs Kiwoom DRX - Game 2 Winner,sports,2026-04-04 22:06:42.252556+00:00,2026-04-09 12:00:00+00:00,NO,0.555,history,923684.0638779995,0,0.30802500000000005,0.809680996815897,4.5786776324537035,1-7 days,$250k-$1m,0.5,0.3266563944530046
polymarket,1919489,Indian Premier League: Sunrisers Hyderabad vs Rajasthan Royals,sports,2026-04-08 16:11:07.735388+00:00,2026-04-20 10:00:00+00:00,YES,0.455,history,3036538.960442997,1,0.29702499999999993,0.7874578600311866,11.742271581157407,7-30 days,$1m-$5m,0.5,0.3266563944530046
polymarket,1831591,Indian Premier League: Kolkata Knight Riders vs Lucknow Super Giants,sports,2026-04-02 16:19:16.993894+00:00,2026-04-16 10:00:00+00:00,NO,0.325,history,3037959.0196839976,0,0.10562500000000001,0.3930425881096072,13.736608866967591,7-30 days,$1m-$5m,0.5,0.3266563944530046
polymarket,2045503,Dota 2: Xtreme Gaming vs Team Spirit (BO3) - PGL Wallachia Group Stage,sports,2026-04-21 16:57:09.607359+00:00,2026-04-22 19:40:00+00:00,NO,0.405,history,1306789.469821999,0,0.16402500000000003,0.5191938734365074,1.1130832481597221,1-7 days,$1m-$5m,0.5,0.3266563944530046
polymarket,2045504,Dota 2: Xtreme Gaming vs Team Spirit - Game 1 Winner,sports,2026-04-21 16:53:24.794658+00:00,2026-04-22 19:40:00+00:00,NO,0.255,history,900695.5160219987,0,0.065025,0.29437106060257756,1.115685247013889,1-7 days,$250k-$1m,0.5,0.3266563944530046
polymarket,2045505,Dota 2: Xtreme Gaming vs Team Spirit - Game 2 Winner,sports,2026-04-21 16:55:10.916444+00:00,2026-04-22 19:40:00+00:00,NO,0.735,history,772771.1623699998,0,0.540225,1.3280254529959148,1.1144569856018518,1-7 days,$250k-$1m,0.5,0.3266563944530046
polymarket,1761287,Dota 2: Xtreme Gaming vs PARIVISION (BO3) - ESL One Birmingham Playoffs,sports,2026-03-28 14:32:40.557812+00:00,2026-03-29 01:00:00+00:00,YES,0.74,history,1396422.553089998,1,0.06760000000000001,0.3011050927839216,0.43564169199074076,<1 day,$1m-$5m,0.5,0.3266563944530046
polymarket,1761288,Dota 2: Xtreme Gaming vs PARIVISION - Game 1 Winner,sports,2026-03-28 14:32:53.619017+00:00,2026-03-28 23:00:00+00:00,NO,0.385,history,556748.523267001,0,0.148225,0.4861330111756192,0.35215718730324075,<1 day,$250k-$1m,0.5,0.3266563944530046
polymarket,1761289,Dota 2: Xtreme Gaming vs PARIVISION - Game 2 Winner,sports,2026-03-28 14:32:54.722213+00:00,2026-03-28 23:00:00+00:00,YES,0.355,history,1011556.4778779992,1,0.41602500000000003,1.0356374895067213,0.3521444188310185,<1 day,$1m-$5m,0.5,0.3266563944530046
polymarket,1919501,Indian Premier League: Chennai Super Kings vs Kolkata Knight Riders,sports,2026-04-08 16:16:05.197591+00:00,2026-04-21 10:00:00+00:00,YES,0.555,history,2967113.042723003,1,0.19802499999999995,0.5887871652357024,12.738828731585649,7-30 days,$1m-$5m,0.5,0.3266563944530046
polymarket,2006577,LoL: Weibo Gaming vs Anyone's Legend (BO3) - LPL Group Ascend,sports,2026-04-17 15:02:49.467664+00:00,2026-04-25 17:20:00+00:00,NO,0.375,history,1069526.0547280014,0,0.140625,0.4700036292457356,8.095260790925925,7-30 days,$1m-$5m,0.5,0.3266563944530046
polymarket,2006578,LoL: Weibo Gaming vs Anyone's Legend - Game 1 Winner,sports,2026-04-17 15:03:46.011289+00:00,2026-04-25 17:20:00+00:00,NO,0.395,history,428292.4058669994,0,0.15602500000000002,0.5025268209512956,8.094606350821758,7-30 days,$250k-$1m,0.5,0.3266563944530046
polymarket,2006579,LoL: Weibo Gaming vs Anyone's Legend - Game 2 Winner,sports,2026-04-17 15:06:04.029489+00:00,2026-04-25 17:20:00+00:00,YES,0.395,history,1410885.5784510009,1,0.366025,0.9288695140810151,8.093008917951389,7-30 days,$1m-$5m,0.5,0.3266563944530046
polymarket,1930386,Counter-Strike: FUT Esports vs TheMongolz (BO3) - PGL Bucharest Playoffs,sports,2026-04-09 19:52:38.150616+00:00,2026-04-10 22:45:00+00:00,YES,0.775,history,2012040.2426729992,1,0.05062499999999999,0.25489224962879004,1.1196973308333333,1-7 days,$1m-$5m,0.5,0.3266563944530046
polymarket,1930388,Counter-Strike: FUT Esports vs TheMongolz - Map 1 Winner,sports,2026-04-09 19:52:45.461106+00:00,2026-04-10 22:45:00+00:00,YES,0.465,history,299127.33305399976,1,0.2862249999999999,0.7657178733947807,1.1196127186805556,1-7 days,$250k-$1m,0.5,0.3266563944530046
polymarket,1930390,Counter-Strike: FUT Esports vs TheMongolz - Map 2 Winner,sports,2026-04-09 19:52:45.966927+00:00,2026-04-10 22:45:00+00:00,YES,0.605,history,549248.3226619997,1,0.15602500000000002,0.5025268209512956,1.1196068642708332,1-7 days,$250k-$1m,0.5,0.3266563944530046
polymarket,1919698,Counter-Strike: TheMongolz vs PARIVISION (BO3) - PGL Bucharest Playoffs,sports,2026-04-08 16:17:30.022831+00:00,2026-04-09 22:15:00+00:00,YES,0.235,history,2175737.009487999,1,0.585225,1.448169764837978,1.2482636246412038,1-7 days,$1m-$5m,0.5,0.3266563944530046
polymarket,1919699,Counter-Strike: TheMongolz vs PARIVISION - Map 1 Winner,sports,2026-04-08 16:13:12.196577+00:00,2026-04-09 22:15:00+00:00,NO,0.47,history,245205.0083750002,0,0.22089999999999999,0.6348782724359695,1.2512477248032408,1-7 days,$100k-$250k,0.5,0.3266563944530046
polymarket,1919700,Counter-Strike: TheMongolz vs PARIVISION - Map 2 Winner,sports,2026-04-08 16:17:42.112440+00:00,2026-04-09 22:15:00+00:00,YES,0.525,history,332936.9861699997,1,0.225625,0.6443570163905132,1.248123698611111,1-7 days,$250k-$1m,0.5,0.3266563944530046
polymarket,1919703,Games Total: O/U 2.5,sports,2026-04-08 16:17:29.110832+00:00,2026-04-09 22:15:00+00:00,YES,0.495,history,128381.61846300002,1,0.255025,0.7031975164134467,1.248274180185185,1-7 days,$100k-$250k,0.5,0.3266563944530046
polymarket,2014350,LoL: T1 vs BNK FEARX (BO3) - LCK Rounds 1-2,sports,2026-04-18 13:36:34.655819+00:00,2026-04-26 14:00:00+00:00,YES,0.955,history,1401710.9331389912,1,0.002025000000000004,0.046043938501406846,8.016265557650463,7-30 days,$1m-$5m,0.5,0.3266563944530046
polymarket,2014351,LoL: T1 vs BNK FEARX - Game 1 Winner,sports,2026-04-18 13:39:49.702633+00:00,2026-04-26 12:00:00+00:00,YES,0.635,history,416848.27685400035,1,0.13322499999999998,0.4541302800894454,7.930674738043982,7-30 days,$250k-$1m,0.5,0.3266563944530046
polymarket,2014352,LoL: T1 vs BNK FEARX - Game 2 Winner,sports,2026-04-18 13:37:55.899424+00:00,2026-04-26 12:00:00+00:00,YES,0.875,history,948135.6834259992,1,0.015625,0.13353139262452263,7.931991904814815,7-30 days,$250k-$1m,0.5,0.3266563944530046
polymarket,2037460,Dota 2: Virtus.pro vs MOUZ (BO3) - PGL Wallachia Group Stage,sports,2026-04-20 21:44:05.874055+00:00,2026-04-21 18:30:00+00:00,NO,0.575,history,1987009.8580219944,0,0.33062499999999995,0.8556661100577201,0.8652097910300927,<1 day,$1m-$5m,0.5,0.3266563944530046
polymarket,2037461,Dota 2: Virtus.pro vs MOUZ - Game 1 Winner,sports,2026-04-20 21:44:21.384641+00:00,2026-04-21 18:30:00+00:00,YES,0.455,history,323319.9532779999,1,0.29702499999999993,0.7874578600311866,0.8650302703587963,<1 day,$250k-$1m,0.5,0.3266563944530046
polymarket,2037462,Dota 2: Virtus.pro vs MOUZ - Game 2 Winner,sports,2026-04-20 21:43:49.710617+00:00,2026-04-21 18:30:00+00:00,NO,0.245,history,571201.1489959998,0,0.060024999999999995,0.28103752973311236,0.8653968678587962,<1 day,$250k-$1m,0.5,0.3266563944530046
polymarket,1919477,Indian Premier League: Mumbai Indians vs Royal Challengers Bangalore,sports,2026-04-08 16:10:44.133972+00:00,2026-04-19 10:00:00+00:00,NO,0.285,history,2874228.1241700104,0,0.08122499999999999,0.3354727362881293,10.742544745694445,7-30 days,$1m-$5m,0.5,0.3266563944530046
polymarket,1867310,LoL: Hanwha Life Esports vs BNK FEARX (BO3) - LCK Rounds 1-2,sports,2026-04-04 22:04:05.427742+00:00,2026-04-10 16:00:00+00:00,YES,0.865,history,1835401.2645510072,1,0.018225,0.14502577205025774,5.747159401134259,1-7 days,$1m-$5m,0.5,0.3266563944530046
polymarket,1867311,LoL: Hanwha Life Esports vs BNK FEARX - Game 1 Winner,sports,2026-04-04 22:10:10.767704+00:00,2026-04-10 14:00:00+00:00,YES,0.64,history,382018.5936880006,1,0.1296,0.4462871026284195,5.659597596018519,1-7 days,$250k-$1m,0.5,0.3266563944530046
polymarket,1867312,LoL: Hanwha Life Esports vs BNK FEARX - Game 2 Winner,sports,2026-04-04 22:06:03.543357+00:00,2026-04-10 14:00:00+00:00,NO,0.705,history,510710.0062829992,0,0.49702499999999994,1.220779922642317,5.662458988923611,1-7 days,$250k-$1m,0.5,0.3266563944530046
polymarket,1846224,Indian Premier League: Rajasthan Royals vs Royal Challengers Bangalore,sports,2026-04-03 16:04:56.696396+00:00,2026-04-17 10:00:00+00:00,YES,0.565,history,2830607.4244069704,1,0.18922500000000006,0.5709295478356962,13.746566013935185,7-30 days,$1m-$5m,0.5,0.3266563944530046
polymarket,2053983,Dota 2: PARIVISION vs South America Rejects (BO3) - PGL Wallachia Playoffs,sports,2026-04-22 17:46:51.574449+00:00,2026-04-23 13:00:00+00:00,YES,0.945,history,1328258.3511319982,1,0.0030250000000000055,0.05657035148839435,0.8007919623958333,<1 day,$1m-$5m,0.5,0.3266563944530046
polymarket,2053985,Dota 2: PARIVISION vs South America Rejects - Game 1 Winner,sports,2026-04-22 17:49:31.478629+00:00,2026-04-23 13:00:00+00:00,NO,0.76,history,650503.7179070001,0,0.5776,1.4271163556401458,0.7989412195717592,<1 day,$250k-$1m,0.5,0.3266563944530046
polymarket,2053987,Dota 2: PARIVISION vs South America Rejects - Game 2 Winner,sports,2026-04-22 17:54:25.031831+00:00,2026-04-23 13:00:00+00:00,YES,0.965,history,799387.349926999,1,0.0012250000000000021,0.03562717764315116,0.7955436130671296,<1 day,$250k-$1m,0.5,0.3266563944530046
polymarket,1801815,LoL: Team Vitality vs Movistar KOI (BO3) - LEC Regular Season,sports,2026-03-31 07:13:58.795974+00:00,2026-04-06 23:45:00+00:00,YES,0.435,history,1324386.6771830006,1,0.3192249999999999,0.8324092478934529,6.688208379930556,1-7 days,$1m-$5m,0.5,0.3266563944530046
polymarket,1801817,LoL: Team Vitality vs Movistar KOI - Game 1 Winner,sports,2026-03-31 07:14:11.152026+00:00,2026-04-06 23:45:00+00:00,YES,0.815,history,591303.3011180001,1,0.03422500000000002,0.2045671657412744,6.688065370069445,1-7 days,$250k-$1m,0.5,0.3266563944530046
polymarket,1801819,LoL: Team Vitality vs Movistar KOI - Game 2 Winner,sports,2026-03-31 07:13:55.153140+00:00,2026-04-06 23:45:00+00:00,NO,0.36,history,799762.1690449996,0,0.1296,0.4462871026284195,6.688250542361112,1-7 days,$250k-$1m,0.5,0.3266563944530046
polymarket,1842221,Counter-Strike: Gentle Mates vs G2 (BO3) - IEM Rio Group A,sports,2026-04-03 08:55:05.283524+00:00,2026-04-13 19:00:00+00:00,NO,0.345,history,1357594.5059879932,0,0.11902499999999998,0.4231200433468851,10.420077736990741,7-30 days,$1m-$5m,0.5,0.3266563944530046
polymarket,1842222,Counter-Strike: Gentle Mates vs G2 - Map 1 Winner,sports,2026-04-03 08:53:17.537992+00:00,2026-04-13 19:00:00+00:00,YES,0.41,history,228863.000761,1,0.3481000000000001,0.8915981192837836,10.42132479175926,7-30 days,$100k-$250k,0.5,0.3266563944530046
polymarket,1842223,Counter-Strike: Gentle Mates vs G2 - Map 2 Winner,sports,2026-04-03 08:53:47.181629+00:00,2026-04-13 19:00:00+00:00,NO,0.345,history,831650.1872959996,0,0.11902499999999998,0.4231200433468851,10.420981694108796,7-30 days,$250k-$1m,0.5,0.3266563944530046
polymarket,1842225,Map Handicap: G2 (-1.5) vs Gentle Mates (+1.5),sports,2026-04-03 08:54:24.411633+00:00,2026-04-13 19:00:00+00:00,NO,0.5,history,364144.0170779998,0,0.25,0.6931471805599453,10.420550791284722,7-30 days,$250k-$1m,0.5,0.3266563944530046
polymarket,1919665,Counter-Strike: MIBR vs 3DMAX (BO3) - PGL Bucharest Playoffs,sports,2026-04-08 16:14:33.317337+00:00,2026-04-09 13:00:00+00:00,NO,0.2645,history,1761373.373452997,0,0.06996025,0.30720473894064476,0.8648921604513888,<1 day,$1m-$5m,0.5,0.3266563944530046
polymarket,1919668,Games Total: O/U 2.5,sports,2026-04-08 16:17:41.034926+00:00,2026-04-09 13:00:00+00:00,YES,0.515,history,150128.6123800004,1,0.235225,0.6635883783184009,0.8627195031712964,<1 day,$100k-$250k,0.5,0.3266563944530046
polymarket,1919666,Counter-Strike: MIBR vs 3DMAX - Map 1 Winner,sports,2026-04-08 16:17:25.977985+00:00,2026-04-09 11:00:00+00:00,YES,0.415,history,407951.203061,1,0.34222499999999995,0.8794767587514388,0.7795604399884258,<1 day,$250k-$1m,0.5,0.3266563944530046
polymarket,1919667,Counter-Strike: MIBR vs 3DMAX - Map 2 Winner,sports,2026-04-08 16:14:14.928162+00:00,2026-04-09 11:00:00+00:00,NO,0.485,history,448393.09206200106,0,0.235225,0.6635883783184009,0.7817716647916667,<1 day,$250k-$1m,0.5,0.3266563944530046
polymarket,1994987,Counter-Strike: Spirit vs MOUZ (BO3) - IEM Rio Playoffs,sports,2026-04-16 00:28:57.026855+00:00,2026-04-17 21:00:00+00:00,YES,0.785,history,1577180.5213369988,1,0.04622499999999999,0.24207156119972859,1.854895522511574,1-7 days,$1m-$5m,0.5,0.3266563944530046
polymarket,1994988,Counter-Strike: Spirit vs MOUZ - Map 1 Winner,sports,2026-04-16 00:57:13.185936+00:00,2026-04-17 19:00:00+00:00,YES,0.615,history,472276.6394790001,1,0.148225,0.4861330111756192,1.7519307183333335,1-7 days,$250k-$1m,0.5,0.3266563944530046
polymarket,1994989,Counter-Strike: Spirit vs MOUZ - Map 2 Winner,sports,2026-04-16 00:28:58.048673+00:00,2026-04-17 19:00:00+00:00,YES,0.515,history,563704.8641789997,1,0.235225,0.6635883783184009,1.7715503625810183,1-7 days,$250k-$1m,0.5,0.3266563944530046
polymarket,1994991,Map Handicap: TS (-1.5) vs MOUZ (+1.5),sports,2026-04-16 00:29:09.800054+00:00,2026-04-17 21:00:00+00:00,YES,0.325,history,124463.02748299994,1,0.45562500000000006,1.1239300966523995,1.8547476845601854,1-7 days,$100k-$250k,0.5,0.3266563944530046
polymarket,1893865,LoL: G2 Esports vs Team Vitality (BO3) - LEC Regular Season,sports,2026-04-06 18:04:15.402934+00:00,2026-04-11 19:55:00+00:00,NO,0.715,history,1210150.763156999,0,0.5112249999999999,1.2552660987134865,5.076905058634259,1-7 days,$1m-$5m,0.5,0.3266563944530046
polymarket,1893866,LoL: G2 Esports vs Team Vitality - Game 1 Winner,sports,2026-04-06 18:04:18.355519+00:00,2026-04-11 19:55:00+00:00,NO,0.665,history,793728.8397009998,0,0.44222500000000003,1.0936247471570708,5.07687088519676,1-7 days,$250k-$1m,0.5,0.3266563944530046
polymarket,1893867,LoL: G2 Esports vs Team Vitality - Game 2 Winner,sports,2026-04-06 18:05:00.948624+00:00,2026-04-11 19:55:00+00:00,YES,0.635,history,653661.0702860003,1,0.13322499999999998,0.4541302800894454,5.076377909444444,1-7 days,$250k-$1m,0.5,0.3266563944530046
polymarket,1702326,LoL: T1 vs KT Rolster (BO3) - LCK Rounds 1-2,sports,2026-03-24 10:46:56.757827+00:00,2026-04-01 16:00:00+00:00,NO,0.475,history,923486.5880740002,0,0.225625,0.6443570163905132,8.217398636261574,7-30 days,$250k-$1m,0.5,0.3266563944530046
polymarket,1702327,LoL: T1 vs KT Rolster - Game 1 Winner,sports,2026-03-24 10:51:11.519307+00:00,2026-04-01 14:00:00+00:00,NO,0.745,history,550467.0558609994,0,0.555025,1.3664917338237108,8.131116674687501,7-30 days,$250k-$1m,0.5,0.3266563944530046
polymarket,1702328,LoL: T1 vs KT Rolster - Game 2 Winner,sports,2026-03-24 10:51:30.075972+00:00,2026-04-01 14:00:00+00:00,NO,0.675,history,1151876.4782350038,0,0.45562500000000006,1.1239300966523997,8.130901898472223,7-30 days,$1m-$5m,0.5,0.3266563944530046
polymarket,2001263,Dota 2: Xtreme Gaming vs Natus Vincere (BO3) - PGL Wallachia Group Stage,sports,2026-04-16 18:54:13.649438+00:00,2026-04-18 13:00:00+00:00,YES,0.968,history,2073397.7646649992,1,0.001024000000000002,0.03252319170556006,1.7540086870601852,1-7 days,$1m-$5m,0.5,0.3266563944530046
polymarket,2001264,Dota 2: Xtreme Gaming vs Natus Vincere - Game 1 Winner,sports,2026-04-16 18:53:21.903735+00:00,2026-04-18 13:00:00+00:00,YES,0.53,history,226440.8942559999,1,0.22089999999999999,0.6348782724359695,1.7546075956597222,1-7 days,$100k-$250k,0.5,0.3266563944530046
polymarket,2001265,Dota 2: Xtreme Gaming vs Natus Vincere - Game 2 Winner,sports,2026-04-16 18:53:19.620552+00:00,2026-04-18 13:00:00+00:00,YES,0.525,history,393171.4412009999,1,0.225625,0.6443570163905132,1.754634021388889,1-7 days,$250k-$1m,0.5,0.3266563944530046
polymarket,2001429,Dota 2: Team Liquid vs GamerLegion (BO3) - PGL Wallachia Group Stage,sports,2026-04-16 19:03:42.563955+00:00,2026-04-18 15:20:00+00:00,YES,0.735,history,1229789.1602369985,1,0.07022500000000001,0.3078847797693004,1.8446462505208334,1-7 days,$1m-$5m,0.5,0.3266563944530046
polymarket,2001430,Dota 2: Team Liquid vs GamerLegion - Game 1 Winner,sports,2026-04-16 19:03:17.134253+00:00,2026-04-18 15:20:00+00:00,YES,0.615,history,233253.1625120001,1,0.148225,0.4861330111756192,1.844940575775463,1-7 days,$100k-$250k,0.5,0.3266563944530046
polymarket,2001431,Dota 2: Team Liquid vs GamerLegion - Game 2 Winner,sports,2026-04-16 19:02:50.117864+00:00,2026-04-18 15:20:00+00:00,NO,0.62,history,1231877.4043510002,0,0.3844,0.9675840262617056,1.845253265462963,1-7 days,$1m-$5m,0.5,0.3266563944530046
polymarket,1659870,LoL: Natus Vincere vs SK Gaming (BO3) - LEC Group Stage,sports,2026-03-20 06:34:11.611235+00:00,2026-03-30 21:00:00+00:00,YES,0.805,history,1139907.4540710011,1,0.03802499999999998,0.21691300156357363,10.601254499594909,7-30 days,$1m-$5m,0.5,0.3266563944530046
polymarket,1659871,LoL: Natus Vincere vs SK Gaming - Game 1 Winner,sports,2026-03-20 06:34:49.381836+00:00,2026-03-30 19:00:00+00:00,NO,0.765,history,577995.9126190009,0,0.585225,1.448169764837978,10.517484006527777,7-30 days,$250k-$1m,0.5,0.3266563944530046
polymarket,1659872,LoL: Natus Vincere vs SK Gaming - Game 2 Winner,sports,2026-03-20 06:33:43.504341+00:00,2026-03-30 19:00:00+00:00,YES,0.725,history,854986.4332200006,1,0.07562500000000001,0.32158362412746233,10.518246477534722,7-30 days,$250k-$1m,0.5,0.3266563944530046
polymarket,1955446,LoL: HANJIN BRION vs Gen.G (BO3) - LCK Rounds 1-2,sports,2026-04-12 07:55:53.911716+00:00,2026-04-16 14:00:00+00:00,NO,0.07,history,597638.5323110007,0,0.004900000000000001,0.0725706928348355,4.252848244027778,1-7 days,$250k-$1m,0.5,0.3266563944530046
polymarket,1955447,LoL: HANJIN BRION vs Gen.G - Game 1 Winner,sports,2026-04-12 07:53:11.527828+00:00,2026-04-16 12:00:00+00:00,NO,0.155,history,967361.601214001,0,0.024025,0.16841865162496325,4.171394353842592,1-7 days,$250k-$1m,0.5,0.3266563944530046
polymarket,1955448,LoL: HANJIN BRION vs Gen.G - Game 2 Winner,sports,2026-04-12 07:53:45.764839+00:00,2026-04-16 12:00:00+00:00,NO,0.115,history,558949.3151360004,0,0.013225,0.12216763397420753,4.170998092141204,1-7 days,$250k-$1m,0.5,0.3266563944530046
polymarket,1955450,Game Handicap: GEN (-1.5) vs HANJIN BRION (+1.5),sports,2026-04-12 07:56:18.487936+00:00,2026-04-16 14:00:00+00:00,YES,0.82,history,495139.5478470003,1,0.03240000000000002,0.19845093872383832,4.252563797037038,1-7 days,$250k-$1m,0.5,0.3266563944530046
polymarket,1981948,Indian Premier League: Sunrisers Hyderabad vs Delhi Capitals,sports,2026-04-14 16:11:21.429124+00:00,2026-04-28 10:00:00+00:00,YES,0.815,history,2651647.015909996,1,0.03422500000000002,0.2045671657412744,13.742113088842592,7-30 days,$1m-$5m,0.5,0.3266563944530046
polymarket,1955584,LoL: HANJIN BRION vs Nongshim Red Force (BO3) - LCK Rounds 1-2,sports,2026-04-12 07:55:13.336387+00:00,2026-04-19 14:00:00+00:00,NO,0.385,history,1348224.7618800008,0,0.148225,0.4861330111756192,7.253317865891203,7-30 days,$1m-$5m,0.5,0.3266563944530046
polymarket,1955585,LoL: HANJIN BRION vs Nongshim Red Force - Game 1 Winner,sports,2026-04-12 07:55:06.310194+00:00,2026-04-19 12:00:00+00:00,YES,0.335,history,516833.3556750008,1,0.44222500000000003,1.0936247471570706,7.170065854236111,7-30 days,$250k-$1m,0.5,0.3266563944530046
polymarket,1955586,LoL: HANJIN BRION vs Nongshim Red Force - Game 2 Winner,sports,2026-04-12 07:57:55.077480+00:00,2026-04-19 12:00:00+00:00,NO,0.375,history,660625.1699369989,0,0.140625,0.4700036292457356,7.168112529166667,7-30 days,$250k-$1m,0.5,0.3266563944530046
polymarket,1928924,Indian Premier League: Mumbai Indians vs Punjab Kings,sports,2026-04-09 16:05:20.171749+00:00,2026-04-23 10:00:00+00:00,NO,0.545,history,2583644.7603089977,0,0.29702500000000004,0.7874578600311867,13.746294308460648,7-30 days,$1m-$5m,0.5,0.3266563944530046
polymarket,2014161,LoL: KT Rolster vs Kiwoom DRX (BO3) - LCK Rounds 1-2,sports,2026-04-18 13:39:46.580169+00:00,2026-04-22 14:00:00+00:00,YES,0.945,history,601257.187896999,1,0.0030250000000000055,0.05657035148839435,4.0140442110069445,1-7 days,$250k-$1m,0.5,0.3266563944530046
polymarket,2014162,LoL: KT Rolster vs Kiwoom DRX - Game 1 Winner,sports,2026-04-18 13:32:31.856857+00:00,2026-04-22 12:00:00+00:00,YES,0.81,history,1127764.6531820002,1,0.03609999999999998,0.21072103131565253,3.935742397488426,1-7 days,$1m-$5m,0.5,0.3266563944530046
polymarket,2014163,LoL: KT Rolster vs Kiwoom DRX - Game 2 Winner,sports,2026-04-18 13:32:34.685577+00:00,2026-04-22 12:00:00+00:00,YES,0.785,history,561740.4808340002,1,0.04622499999999999,0.24207156119972859,3.935709657673611,1-7 days,$250k-$1m,0.5,0.3266563944530046
polymarket,2014165,Game Handicap: KT (-1.5) vs Kiwoom DRX (+1.5),sports,2026-04-18 13:32:54.026438+00:00,2026-04-22 14:00:00+00:00,YES,0.755,history,247677.47346499993,1,0.060024999999999995,0.28103752973311236,4.018819138449074,1-7 days,$100k-$250k,0.5,0.3266563944530046
polymarket,2024079,Indian Premier League: Lucknow Super Giants vs Kolkata Knight Riders,sports,2026-04-19 16:11:48.060470+00:00,2026-05-03 10:00:00+00:00,NO,0.4605,history,2543782.188152008,0,0.21206025,0.6171124942839478,13.741804855671298,7-30 days,$1m-$5m,0.5,0.3266563944530046
polymarket,2014207,LoL: HANJIN BRION vs Dplus KIA (BO3) - LCK Rounds 1-2,sports,2026-04-18 13:33:40.340085+00:00,2026-04-23 14:00:00+00:00,NO,0.065,history,617634.9561009998,0,0.0042250000000000005,0.06720874969344999,5.0182831008680555,1-7 days,$250k-$1m,0.5,0.3266563944530046
polymarket,2014208,LoL: HANJIN BRION vs Dplus KIA - Game 1 Winner,sports,2026-04-18 13:37:02.210191+00:00,2026-04-23 12:00:00+00:00,NO,0.235,history,1047704.2311139985,0,0.055224999999999996,0.2678794451556012,4.9326133079745365,1-7 days,$1m-$5m,0.5,0.3266563944530046
polymarket,2014209,LoL: HANJIN BRION vs Dplus KIA - Game 2 Winner,sports,2026-04-18 13:39:40.713311+00:00,2026-04-23 12:00:00+00:00,NO,0.255,history,628521.9380610004,0,0.065025,0.29437106060257756,4.930778781122685,1-7 days,$250k-$1m,0.5,0.3266563944530046
polymarket,2014211,Game Handicap: DK (-1.5) vs HANJIN BRION (+1.5),sports,2026-04-18 13:33:52.606597+00:00,2026-04-23 14:00:00+00:00,YES,0.745,history,176297.86248799996,1,0.065025,0.29437106060257756,5.018141127349537,1-7 days,$100k-$250k,0.5,0.3266563944530046
polymarket,2037380,Dota 2: Team Spirit vs Natus Vincere (BO3) - PGL Wallachia Group Stage,sports,2026-04-20 21:43:43.821493+00:00,2026-04-21 13:00:00+00:00,YES,0.285,history,1284575.367676,1,0.5112250000000002,1.2552660987134867,0.636298362349537,<1 day,$1m-$5m,0.5,0.3266563944530046
polymarket,2037381,Dota 2: Team Spirit vs Natus Vincere - Game 1 Winner,sports,2026-04-20 21:44:49.962412+00:00,2026-04-21 13:00:00+00:00,NO,0.565,history,545116.4172780003,0,0.3192249999999999,0.8324092478934528,0.6355328424537037,<1 day,$250k-$1m,0.5,0.3266563944530046
polymarket,2037382,Dota 2: Team Spirit vs Natus Vincere - Game 2 Winner,sports,2026-04-20 21:44:56.127676+00:00,2026-04-21 13:00:00+00:00,YES,0.545,history,690567.154997999,1,0.20702499999999996,0.6069694843188929,0.6354614852314815,<1 day,$250k-$1m,0.5,0.3266563944530046
polymarket,1973327,Counter-Strike: Spirit vs Team Falcons (BO3) - IEM Rio Group A,sports,2026-04-13 19:34:44.804285+00:00,2026-04-14 22:40:00+00:00,NO,0.055,history,1363177.5713700044,0,0.003025,0.05657035148839435,1.1286480985532408,1-7 days,$1m-$5m,0.5,0.3266563944530046
polymarket,1973329,Counter-Strike: Spirit vs Team Falcons - Map 1 Winner,sports,2026-04-13 19:36:26.798927+00:00,2026-04-14 22:40:00+00:00,NO,0.525,history,587927.1092909996,0,0.275625,0.7444404749474959,1.1274676050115742,1-7 days,$250k-$1m,0.5,0.3266563944530046
polymarket,1973331,Counter-Strike: Spirit vs Team Falcons - Map 2 Winner,sports,2026-04-13 19:34:40.848211+00:00,2026-04-14 22:40:00+00:00,NO,0.145,history,540073.7919710005,0,0.021025,0.15665381004537685,1.1286938864467593,1-7 days,$250k-$1m,0.5,0.3266563944530046
polymarket,1938263,Indian Premier League: Gujarat Titans vs Kolkata Knight Riders,sports,2026-04-10 16:04:27.242231+00:00,2026-04-24 10:00:00+00:00,YES,0.945,history,2505777.309993992,1,0.0030250000000000055,0.05657035148839435,13.746906918622685,7-30 days,$1m-$5m,0.5,0.3266563944530046
polymarket,1959740,Indian Premier League: Kolkata Knight Riders vs Rajasthan Royals,sports,2026-04-12 16:13:32.536118+00:00,2026-04-26 06:00:00+00:00,YES,0.385,history,2502812.387225998,1,0.378225,0.9545119446943529,13.57392898011574,7-30 days,$1m-$5m,0.5,0.3266563944530046
polymarket,2054046,Dota 2: BetBoom Team vs Team Spirit (BO3) - PGL Wallachia Playoffs,sports,2026-04-22 17:54:27.046160+00:00,2026-04-23 22:10:00+00:00,YES,0.845,history,776673.7736620002,1,0.024025000000000008,0.16841865162496325,1.1774647435185186,1-7 days,$250k-$1m,0.5,0.3266563944530046
polymarket,2054047,Dota 2: BetBoom Team vs Team Spirit - Game 1 Winner,sports,2026-04-22 17:49:28.430196+00:00,2026-04-23 22:10:00+00:00,YES,0.615,history,900619.1745609994,1,0.148225,0.4861330111756192,1.1809209468055555,1-7 days,$250k-$1m,0.5,0.3266563944530046
polymarket,2054048,Dota 2: BetBoom Team vs Team Spirit - Game 2 Winner,sports,2026-04-22 17:47:52.149868+00:00,2026-04-23 22:10:00+00:00,YES,0.595,history,811769.6599600001,1,0.16402500000000003,0.5191938734365074,1.1820353024537038,1-7 days,$250k-$1m,0.5,0.3266563944530046
polymarket,2042668,LoL: Shifters vs Natus Vincere - Game 2 Winner,sports,2026-04-21 11:45:17.688071+00:00,2026-04-26 21:00:00+00:00,YES,0.275,history,296538.280678,1,0.525625,1.2909841813155656,5.385211943622686,1-7 days,$250k-$1m,0.5,0.3266563944530046
polymarket,2042670,Game Handicap: Navi (-1.5) vs Shifters (+1.5),sports,2026-04-21 11:45:01.357893+00:00,2026-04-26 21:00:00+00:00,NO,0.71,history,137631.68889500006,0,0.5041,1.2378743560016172,5.3854009503124995,1-7 days,$100k-$250k,0.5,0.3266563944530046
polymarket,2042667,LoL: Shifters vs Natus Vincere - Game 1 Winner,sports,2026-04-21 11:43:37.452564+00:00,2026-04-26 21:00:00+00:00,NO,0.039,history,624884.446106001,0,0.001521,0.0397808700118446,5.386372076805555,1-7 days,$250k-$1m,0.5,0.3266563944530046
polymarket,2042666,LoL: Shifters vs Natus Vincere (BO3) - LEC Regular Season,sports,2026-04-21 11:44:41.982672+00:00,2026-04-26 21:00:00+00:00,NO,0.295,history,1400138.8397930022,0,0.08702499999999999,0.3495574761698683,5.385625200555555,1-7 days,$1m-$5m,0.5,0.3266563944530046
polymarket,1955400,LoL: Nongshim Red Force vs BNK FEARX (BO3) - LCK Rounds 1-2,sports,2026-04-12 07:52:57.547491+00:00,2026-04-15 14:00:00+00:00,YES,0.465,history,924825.1648990004,1,0.2862249999999999,0.7657178733947807,3.254889496631945,1-7 days,$250k-$1m,0.5,0.3266563944530046
polymarket,1955401,LoL: Nongshim Red Force vs BNK FEARX - Game 1 Winner,sports,2026-04-12 07:52:43.659145+00:00,2026-04-15 12:00:00+00:00,YES,0.485,history,464247.1710259998,1,0.265225,0.7236063880446539,3.1717169080439818,1-7 days,$250k-$1m,0.5,0.3266563944530046
polymarket,1955402,LoL: Nongshim Red Force vs BNK FEARX - Game 2 Winner,sports,2026-04-12 07:57:09.400283+00:00,2026-04-15 12:00:00+00:00,YES,0.485,history,924878.886709,1,0.265225,0.7236063880446539,3.1686412004282403,1-7 days,$250k-$1m,0.5,0.3266563944530046
polymarket,1919513,Indian Premier League: Royal Challengers Bangalore vs Lucknow Super Giants,sports,2026-04-08 16:10:18.262599+00:00,2026-04-22 10:00:00+00:00,YES,0.625,history,2441321.742450997,1,0.140625,0.4700036292457356,13.742844182881944,7-30 days,$1m-$5m,0.5,0.3266563944530046
polymarket,1702372,LoL: Kiwoom DRX vs DN SOOPers (BO3) - LCK Rounds 1-2,sports,2026-03-24 10:40:07.028727+00:00,2026-04-02 16:10:00+00:00,NO,0.405,history,694279.4952220027,0,0.16402500000000003,0.5191938734365074,9.229085315659722,7-30 days,$250k-$1m,0.5,0.3266563944530046
polymarket,1702373,LoL: Kiwoom DRX vs DN SOOPers - Game 1 Winner,sports,2026-03-24 10:38:47.507357+00:00,2026-04-02 16:10:00+00:00,NO,0.425,history,615151.9410190012,0,0.18062499999999998,0.5533852381847867,9.230005701886574,7-30 days,$250k-$1m,0.5,0.3266563944530046
polymarket,1702374,LoL: Kiwoom DRX vs DN SOOPers - Game 2 Winner,sports,2026-03-24 10:37:51.799574+00:00,2026-04-02 16:10:00+00:00,NO,0.405,history,958269.8335950008,0,0.16402500000000003,0.5191938734365074,9.230650467893518,7-30 days,$250k-$1m,0.5,0.3266563944530046
polymarket,1702376,Game Handicap: DNS (-1.5) vs Kiwoom DRX (+1.5),sports,2026-03-24 10:51:24.538657+00:00,2026-04-02 16:10:00+00:00,YES,0.605,history,137810.06813199996,1,0.15602500000000002,0.5025268209512956,9.221243765543981,7-30 days,$100k-$250k,0.5,0.3266563944530046
polymarket,1702441,LoL: T1 vs Hanwha Life Esports (BO3) - LCK Rounds 1-2,sports,2026-03-24 10:50:58.748491+00:00,2026-04-04 14:00:00+00:00,YES,0.765,history,1004834.978881,1,0.055224999999999996,0.2678794451556012,11.13126448505787,7-30 days,$1m-$5m,0.5,0.3266563944530046
polymarket,1702442,LoL: T1 vs Hanwha Life Esports - Game 1 Winner,sports,2026-03-24 10:49:43.190664+00:00,2026-04-04 12:00:00+00:00,YES,0.485,history,620871.599354999,1,0.265225,0.7236063880446539,11.04880566361111,7-30 days,$250k-$1m,0.5,0.3266563944530046
polymarket,1702443,LoL: T1 vs Hanwha Life Esports - Game 2 Winner,sports,2026-03-24 10:38:03.458679+00:00,2026-04-04 12:00:00+00:00,YES,0.5,history,779641.1802669998,1,0.25,0.6931471805599453,11.056904413437499,7-30 days,$250k-$1m,0.5,0.3266563944530046
polymarket,1702303,LoL: Hanwha Life Esports vs HANJIN BRION (BO3) - LCK Rounds 1-2,sports,2026-03-24 10:51:32.320827+00:00,2026-04-01 14:00:00+00:00,YES,0.9655,history,1383117.551069999,1,0.0011902499999999984,0.035109177113567896,8.130875916354167,7-30 days,$1m-$5m,0.5,0.3266563944530046
polymarket,1702304,LoL: Hanwha Life Esports vs HANJIN BRION - Game 1 Winner,sports,2026-03-24 10:33:20.731003+00:00,2026-04-01 12:00:00+00:00,YES,0.825,history,405462.4847109999,1,0.030625000000000017,0.19237189264745613,8.060176724502314,7-30 days,$250k-$1m,0.5,0.3266563944530046
polymarket,1702305,LoL: Hanwha Life Esports vs HANJIN BRION - Game 2 Winner,sports,2026-03-24 10:36:07.108692+00:00,2026-04-01 12:00:00+00:00,YES,0.845,history,553063.1086789995,1,0.024025000000000008,0.16841865162496325,8.058251056805554,7-30 days,$250k-$1m,0.5,0.3266563944530046
polymarket,1867282,LoL: DN SOOPers vs T1 (BO3) - LCK Rounds 1-2,sports,2026-04-04 22:10:49.270254+00:00,2026-04-10 14:00:00+00:00,NO,0.195,history,815662.0448820014,0,0.038025,0.21691300156357377,5.659151964652778,1-7 days,$250k-$1m,0.5,0.3266563944530046
polymarket,1867283,LoL: DN SOOPers vs T1 - Game 1 Winner,sports,2026-04-04 22:04:42.304319+00:00,2026-04-10 12:00:00+00:00,NO,0.255,history,644076.4341420006,0,0.065025,0.29437106060257756,5.580065922233796,1-7 days,$250k-$1m,0.5,0.3266563944530046
polymarket,1867284,LoL: DN SOOPers vs T1 - Game 2 Winner,sports,2026-04-04 22:08:54.775594+00:00,2026-04-10 12:00:00+00:00,NO,0.265,history,625862.6311330002,0,0.07022500000000001,0.3078847797693004,5.57714380099537,1-7 days,$250k-$1m,0.5,0.3266563944530046
polymarket,1867286,Game Handicap: T1 (-1.5) vs DN SOOPers (+1.5),sports,2026-04-04 22:05:55.358795+00:00,2026-04-10 14:00:00+00:00,YES,0.72,history,286407.3204,1,0.07840000000000001,0.3285040669720361,5.662553717650463,1-7 days,$250k-$1m,0.5,0.3266563944530046
polymarket,1844502,LoL: Weibo Gaming vs Bilibili Gaming (BO3) - LPL Group Ascend,sports,2026-04-03 12:55:58.860196+00:00,2026-04-12 17:50:00+00:00,NO,0.085,history,531836.7645189996,0,0.007225000000000001,0.0888312137066157,9.204179858842593,7-30 days,$250k-$1m,0.5,0.3266563944530046
polymarket,1844503,LoL: Weibo Gaming vs Bilibili Gaming - Game 1 Winner,sports,2026-04-03 12:56:59.531960+00:00,2026-04-12 17:50:00+00:00,NO,0.245,history,1043491.1382000004,0,0.060024999999999995,0.28103752973311236,9.203477639351851,7-30 days,$1m-$5m,0.5,0.3266563944530046
polymarket,1844504,LoL: Weibo Gaming vs Bilibili Gaming - Game 2 Winner,sports,2026-04-03 12:54:12.824972+00:00,2026-04-12 17:50:00+00:00,NO,0.265,history,690138.8330999999,0,0.07022500000000001,0.3078847797693004,9.20540711837963,7-30 days,$250k-$1m,0.5,0.3266563944530046
polymarket,1844506,Game Handicap: BLG (-1.5) vs Weibo Gaming (+1.5),sports,2026-04-03 12:54:35.279438+00:00,2026-04-12 17:50:00+00:00,YES,0.745,history,124352.78540099991,1,0.065025,0.29437106060257756,9.205147228726851,7-30 days,$100k-$250k,0.5,0.3266563944530046
polymarket,1893965,LoL: Team Vitality vs Shifters (BO3) - LEC Regular Season,sports,2026-04-06 18:04:06.462516+00:00,2026-04-12 21:00:00+00:00,YES,0.825,history,1159475.6665559977,1,0.030625000000000017,0.19237189264745613,6.122147424583333,1-7 days,$1m-$5m,0.5,0.3266563944530046
polymarket,1893966,LoL: Team Vitality vs Shifters - Game 1 Winner,sports,2026-04-06 18:09:06.835533+00:00,2026-04-12 19:00:00+00:00,NO,0.745,history,439283.12890000007,0,0.555025,1.3664917338237108,6.035337551701389,1-7 days,$250k-$1m,0.5,0.3266563944530046
polymarket,1893967,LoL: Team Vitality vs Shifters - Game 2 Winner,sports,2026-04-06 18:08:14.669107+00:00,2026-04-12 19:00:00+00:00,YES,0.755,history,718953.0470780004,1,0.060024999999999995,0.28103752973311236,6.035941329780092,1-7 days,$250k-$1m,0.5,0.3266563944530046
polymarket,1955492,LoL: Kiwoom DRX vs BNK FEARX (BO3) - LCK Rounds 1-2,sports,2026-04-12 07:56:24.336498+00:00,2026-04-17 14:00:00+00:00,NO,0.425,history,821025.9484620029,0,0.18062499999999998,0.5533852381847867,5.252496105347222,1-7 days,$250k-$1m,0.5,0.3266563944530046
polymarket,1955493,LoL: Kiwoom DRX vs BNK FEARX - Game 1 Winner,sports,2026-04-12 07:54:53.550784+00:00,2026-04-17 12:00:00+00:00,NO,0.425,history,447041.24254200095,0,0.18062499999999998,0.5533852381847867,5.170213532592593,1-7 days,$250k-$1m,0.5,0.3266563944530046
polymarket,1955494,LoL: Kiwoom DRX vs BNK FEARX - Game 2 Winner,sports,2026-04-12 07:59:31.382078+00:00,2026-04-17 12:00:00+00:00,NO,0.425,history,763711.3258400015,0,0.18062499999999998,0.5533852381847867,5.166997892615741,1-7 days,$250k-$1m,0.5,0.3266563944530046
polymarket,1955496,Game Handicap: BFX (-1.5) vs Kiwoom DRX (+1.5),sports,2026-04-12 07:54:55.741304+00:00,2026-04-17 14:00:00+00:00,YES,0.335,history,264378.6646749998,1,0.44222500000000003,1.0936247471570706,5.253521512685185,1-7 days,$250k-$1m,0.5,0.3266563944530046
polymarket,1702418,LoL: BNK FEARX vs HANJIN BRION (BO3) - LCK Rounds 1-2,sports,2026-03-24 10:39:04.088287+00:00,2026-04-03 17:00:00+00:00,NO,0.525,history,721503.3229960003,0,0.275625,0.7444404749474959,10.264536015196759,7-30 days,$250k-$1m,0.5,0.3266563944530046
polymarket,1702419,LoL: BNK FEARX vs HANJIN BRION - Game 1 Winner,sports,2026-03-24 10:38:05.516144+00:00,2026-04-03 17:00:00+00:00,NO,0.705,history,788232.8774610005,0,0.49702499999999994,1.220779922642317,10.265213933518519,7-30 days,$250k-$1m,0.5,0.3266563944530046
polymarket,1702422,Game Handicap: BFX (-1.5) vs HANJIN BRION (+1.5),sports,2026-03-24 10:46:34.843943+00:00,2026-04-03 17:00:00+00:00,NO,0.545,history,352145.9220870003,0,0.29702500000000004,0.7874578600311867,10.259318935844908,7-30 days,$250k-$1m,0.5,0.3266563944530046
polymarket,1702420,LoL: BNK FEARX vs HANJIN BRION - Game 2 Winner,sports,2026-03-24 10:46:34.336309+00:00,2026-04-03 17:00:00+00:00,NO,0.705,history,477079.5871660006,0,0.49702499999999994,1.220779922642317,10.259324811238425,7-30 days,$250k-$1m,0.5,0.3266563944530046
polymarket,2002225,Porsche Tennis Grand Prix: Elena Rybakina vs Leylah Fernandez,sports,2026-04-16 22:02:43.677214+00:00,2026-04-24 16:30:00+00:00,YES,0.655,history,2324758.9319359967,1,0.11902499999999998,0.4231200433468851,7.768938921134259,7-30 days,$1m-$5m,0.5,0.3266563944530046
polymarket,1831579,Indian Premier League: Delhi Capitals vs Gujarat Titans,sports,2026-04-02 16:28:08.633764+00:00,2026-04-15 10:00:00+00:00,NO,0.525,history,2331271.446347009,0,0.275625,0.7444404749474959,12.730455627731482,7-30 days,$1m-$5m,0.5,0.3266563944530046
polymarket,2062134,Dota 2: Team Falcons vs Team Spirit - Game 1 Winner,sports,2026-04-23 18:43:15.279348+00:00,2026-04-24 16:45:00+00:00,YES,0.565,history,709511.0622030002,1,0.18922500000000006,0.5709295478356962,0.9178787112500001,<1 day,$250k-$1m,0.5,0.3266563944530046
polymarket,2062132,Dota 2: Team Falcons vs Team Spirit (BO3) - PGL Wallachia Playoffs,sports,2026-04-23 18:43:13.267674+00:00,2026-04-24 16:45:00+00:00,YES,0.811,history,453322.5893760001,1,0.03572099999999998,0.20948722486672405,0.9179019945138889,<1 day,$250k-$1m,0.5,0.3266563944530046
polymarket,2062135,Dota 2: Team Falcons vs Team Spirit - Game 2 Winner,sports,2026-04-23 18:44:39.807670+00:00,2026-04-24 16:45:00+00:00,YES,0.435,history,1109572.6075799994,1,0.3192249999999999,0.8324092478934529,0.9169003741898148,<1 day,$1m-$5m,0.5,0.3266563944530046
kalshi,KXWTAMATCH-26APR27BENBAP-BEN,Will Belinda Bencic win the Bencic vs Baptiste: Round Of 16 match?,sports,,2026-04-27 12:01:38+00:00,NO,0.71,snapshot_fallback,1134763.47,0,0.5041,1.2378743560016172,,unknown,$1m-$5m,0.5,0.3266563944530046
kalshi,KXWTAMATCH-26APR27BENBAP-BAP,Will Hailey Baptiste win the Bencic vs Baptiste: Round Of 16 match?,sports,,2026-04-27 12:01:38+00:00,YES,0.32,snapshot_fallback,1373700.61,1,0.4623999999999999,1.1394342831883648,,unknown,$1m-$5m,0.5,0.3266563944530046
kalshi,KXCS2GAME-26APR271300LEOFNC-FNC,Will fnatic win the Leo Team vs. fnatic CS2 match?,sports,,2026-04-27 20:10:48+00:00,YES,0.65,snapshot_fallback,103357.16,1,0.12249999999999998,0.4307829160924542,,unknown,$100k-$250k,0.5,0.3266563944530046
kalshi,KXNBA1HSPREAD-26APR27MINDEN-DEN6,Will Denver win the 1H by over 6.5 points?,sports,,2026-04-28 03:45:37+00:00,YES,0.52,snapshot_fallback,128042.86,1,0.2304,0.6539264674066639,,unknown,$100k-$250k,0.5,0.3266563944530046
kalshi,KXMVESPORTSMULTIGAMEEXTENDED-S20268862E1B4CD9-0A85E7E6DB7,"yes Orlando,yes Minnesota,yes Phoenix",sports,2026-04-26 04:43:31.485395+00:00,2026-04-28 04:53:14+00:00,NO,0.032,snapshot_fallback,579173.0,0,0.001024,0.03252319170556006,2.0067420671875,1-7 days,$250k-$1m,0.5,0.3266563944530046
kalshi,KXMVESPORTSMULTIGAMEEXTENDED-S20268862E1B4CD9-358DD4F90DD,"yes Orlando,yes Denver,yes Phoenix",sports,2026-04-26 04:43:27.976837+00:00,2026-04-28 04:53:14+00:00,NO,0.088,snapshot_fallback,183588.0,0,0.007743999999999999,0.09211528890780563,2.006782675497685,1-7 days,$100k-$250k,0.5,0.3266563944530046
kalshi,KXNBATOTAL-26APR27MINDEN-238,Game 5: Minnesota at Denver: Total Points,sports,,2026-04-28 05:27:37+00:00,NO,0.16,snapshot_fallback,522819.25,0,0.0256,0.1743533871447778,,unknown,$250k-$1m,0.5,0.3266563944530046
kalshi,KXNBATOTAL-26APR27MINDEN-235,Game 5: Minnesota at Denver: Total Points,sports,,2026-04-28 05:27:37+00:00,YES,0.22,snapshot_fallback,352645.28,1,0.6084,1.5141277326297755,,unknown,$250k-$1m,0.5,0.3266563944530046
kalshi,KXNBATOTAL-26APR27MINDEN-232,Game 5: Minnesota at Denver: Total Points,sports,,2026-04-28 05:17:31+00:00,YES,0.27,snapshot_fallback,530773.04,1,0.5328999999999999,1.3093333199837622,,unknown,$250k-$1m,0.5,0.3266563944530046
kalshi,KXNBATOTAL-26APR27MINDEN-229,Game 5: Minnesota at Denver: Total Points,sports,,2026-04-28 05:17:31+00:00,YES,0.32,snapshot_fallback,939910.23,1,0.4623999999999999,1.1394342831883648,,unknown,$250k-$1m,0.5,0.3266563944530046
kalshi,KXNBATOTAL-26APR27MINDEN-226,Game 5: Minnesota at Denver: Total Points,sports,,2026-04-28 05:15:36+00:00,YES,0.38,snapshot_fallback,1145861.61,1,0.3844,0.9675840262617056,,unknown,$1m-$5m,0.5,0.3266563944530046
kalshi,KXNBATOTAL-26APR27MINDEN-223,Game 5: Minnesota at Denver: Total Points,sports,,2026-04-28 05:15:35+00:00,YES,0.46,snapshot_fallback,660252.97,1,0.2916,0.7765287894989963,,unknown,$250k-$1m,0.5,0.3266563944530046
kalshi,KXNBATOTAL-26APR27MINDEN-220,Game 5: Minnesota at Denver: Total Points,sports,,2026-04-28 05:13:34+00:00,YES,0.54,snapshot_fallback,431225.38,1,0.21159999999999995,0.616186139423817,,unknown,$250k-$1m,0.5,0.3266563944530046
kalshi,KXNBATOTAL-26APR27MINDEN-217,Game 5: Minnesota at Denver: Total Points,sports,,2026-04-28 05:11:41+00:00,YES,0.6,snapshot_fallback,260222.93,1,0.16000000000000003,0.5108256237659907,,unknown,$250k-$1m,0.5,0.3266563944530046
kalshi,KXNBATOTAL-26APR27MINDEN-214,Game 5: Minnesota at Denver: Total Points,sports,,2026-04-28 05:11:40+00:00,YES,0.67,snapshot_fallback,101268.24,1,0.10889999999999997,0.40047756659712525,,unknown,$100k-$250k,0.5,0.3266563944530046
kalshi,KXNBASPREAD-26APR27MINDEN-DEN8,Denver wins by over 8.5 points?,sports,,2026-04-28 05:27:40+00:00,YES,0.6,snapshot_fallback,508173.34,1,0.16000000000000003,0.5108256237659907,,unknown,$250k-$1m,0.5,0.3266563944530046
kalshi,KXNBASPREAD-26APR27MINDEN-DEN5,Denver wins by over 5.5 points?,sports,,2026-04-28 05:27:40+00:00,YES,0.69,snapshot_fallback,167933.97,1,0.09610000000000003,0.37106368139083207,,unknown,$100k-$250k,0.5,0.3266563944530046
kalshi,KXNBASPREAD-26APR27MINDEN-DEN26,Denver wins by over 26.5 points?,sports,,2026-04-28 05:27:39+00:00,NO,0.11,snapshot_fallback,147238.66,0,0.0121,0.11653381625595151,,unknown,$100k-$250k,0.5,0.3266563944530046
kalshi,KXNBASPREAD-26APR27MINDEN-DEN23,Denver wins by over 23.5 points?,sports,,2026-04-28 05:27:39+00:00,NO,0.17,snapshot_fallback,194314.17,0,0.028900000000000006,0.18632957819149348,,unknown,$100k-$250k,0.5,0.3266563944530046
kalshi,KXNBASPREAD-26APR27MINDEN-DEN20,Denver wins by over 20.5 points?,sports,,2026-04-28 05:27:39+00:00,NO,0.24,snapshot_fallback,682383.45,0,0.0576,0.2744368457017603,,unknown,$250k-$1m,0.5,0.3266563944530046
kalshi,KXNBASPREAD-26APR27MINDEN-DEN17,Denver wins by over 17.5 points?,sports,,2026-04-28 05:27:39+00:00,NO,0.32,snapshot_fallback,628911.07,0,0.1024,0.3856624808119848,,unknown,$250k-$1m,0.5,0.3266563944530046
kalshi,KXNBASPREAD-26APR27MINDEN-DEN14,Denver wins by over 14.5 points?,sports,,2026-04-28 05:27:39+00:00,NO,0.39,snapshot_fallback,989105.25,0,0.1521,0.4942963218147801,,unknown,$250k-$1m,0.5,0.3266563944530046
kalshi,KXNBASPREAD-26APR27MINDEN-DEN11,Denver wins by over 11.5 points?,sports,,2026-04-28 05:27:40+00:00,YES,0.47,snapshot_fallback,3157033.93,1,0.28090000000000004,0.7550225842780328,,unknown,$1m-$5m,0.5,0.3266563944530046
kalshi,KXMVESPORTSMULTIGAMEEXTENDED-S20268862E1B4CD9-630979E3B46,"yes Detroit,yes Denver,yes Oklahoma City",sports,2026-04-26 02:16:20.683526+00:00,2026-04-28 04:08:15+00:00,NO,0.194,snapshot_fallback,297572.0,0,0.037636,0.2156715364755087,2.0777119962268515,1-7 days,$250k-$1m,0.5,0.3266563944530046
kalshi,KXMVESPORTSMULTIGAMEEXTENDED-S2026604B0B2A920-0C95C12D4EF,"yes Over 5.5 runs scored,yes Over 4.5 runs scored,yes Over 4.5 runs scored,yes Over 4.5 runs scored,yes Over 5.5 runs scored,yes Over 5.5 runs scored,yes Over 5.5 runs scored,yes Over 5.5 runs scored,yes Over 4.5 runs scored,yes Over 5.5 runs scored,yes Over 4.5 runs scored,yes Over 5.5 runs scored,yes Over 4.5 runs scored,yes Over 5.5 runs scored,yes Over 5.5 runs scored",sports,2026-04-26 02:14:17.994042+00:00,2026-04-26 21:09:38+00:00,NO,0.028,snapshot_fallback,224441.0,0,0.0007840000000000001,0.028399474521698,0.7884259948842592,<1 day,$100k-$250k,0.5,0.3266563944530046
kalshi,KXMVESPORTSMULTIGAMEEXTENDED-S20268862E1B4CD9-9A1BDD1CAE9,"yes Detroit,yes Minnesota,yes Oklahoma City",sports,2026-04-26 01:29:58.692530+00:00,2026-04-28 04:08:15+00:00,NO,0.04,snapshot_fallback,125528.0,0,0.0016,0.040821994520255166,2.109910966087963,1-7 days,$100k-$250k,0.5,0.3266563944530046
kalshi,KXMVESPORTSMULTIGAMEEXTENDED-S20262031F24508A-F0F1C868D7D,"yes Boston,yes Cleveland,yes Los Angeles L,yes Jaylen Brown: 20+,yes LeBron James: 20+,yes Dylan Harper: 15+",sports,2026-04-26 01:23:21.443003+00:00,2026-04-26 21:03:57+00:00,NO,0.04,snapshot_fallback,531582.0,0,0.0016,0.040821994520255166,0.8198559837615742,<1 day,$250k-$1m,0.5,0.3266563944530046
kalshi,KXMVESPORTSMULTIGAMEEXTENDED-S2026A025C676AFA-4E9A0F5002A,"yes Cade Cunningham: 1+,yes Desmond Bane: 1+,yes Derrick White: 2+,yes Jrue Holiday: 4+,yes Jaylen Brown: 20+,yes Payton Pritchard: 10+,yes Tyrese Maxey: 20+,yes VJ Edgecombe: 10+,yes James Harden: 15+,yes RJ Barrett: 15+,yes Scottie Barnes: 15+,yes Amen Thompson: 15+,yes Jabari Smith Jr.: 10+,yes Marcus Smart: 10+,yes Dylan Harper: 10+,yes Stephon Castle: 15+,yes Tobias Harris: 10+,yes Jalen Suggs: 10+,yes Paolo Banchero: 15+,yes Chet Holmgren: 10+,yes Dillon Brooks: 15+,yes Nikola Vučević: 4+,yes Evan Mobley: 6+,yes Alperen Sengun: 6+,yes LeBron James: 4+,yes Donovan Clingan: 6+,yes Ausar Thompson: 4+,yes Tobias Harris: 4+,yes Dillon Brooks: 2+",sports,2026-04-26 00:56:00.634177+00:00,2026-04-26 23:35:34+00:00,NO,0.04,snapshot_fallback,237540.0,0,0.0016,0.040821994520255166,0.9441361785069444,<1 day,$100k-$250k,0.5,0.3266563944530046
kalshi,KXNBA1HSPREAD-26APR27DETORL-DET4,Will Detroit win the 1H by over 4.5 points?,sports,,2026-04-28 01:17:32+00:00,NO,0.36,snapshot_fallback,106403.98,0,0.1296,0.4462871026284195,,unknown,$100k-$250k,0.5,0.3266563944530046
kalshi,KXNBA1HSPREAD-26APR27DETORL-DET1,Will Detroit win the 1H by over 1.5 points?,sports,,2026-04-28 01:17:32+00:00,NO,0.53,snapshot_fallback,211478.13,0,0.28090000000000004,0.7550225842780328,,unknown,$100k-$250k,0.5,0.3266563944530046
kalshi,KXNBA1HTOTAL-26APR27DETORL-108,Detroit vs Orlando: First Half Total?,sports,,2026-04-28 03:05:43+00:00,NO,0.54,snapshot_fallback,115736.99,0,0.2916,0.7765287894989964,,unknown,$100k-$250k,0.5,0.3266563944530046
kalshi,KXNBATOTAL-26APR27OKCPHX-226,Game 4: Oklahoma City at Phoenix: Total Points,sports,,2026-04-28 04:00:51+00:00,YES,0.25,snapshot_fallback,501683.39,1,0.5625,1.3862943611198906,,unknown,$250k-$1m,0.5,0.3266563944530046
kalshi,KXNBATOTAL-26APR27OKCPHX-217,Game 4: Oklahoma City at Phoenix: Total Points,sports,,2026-04-28 04:00:49+00:00,YES,0.42,snapshot_fallback,171781.52,1,0.3364000000000001,0.8675005677047231,,unknown,$100k-$250k,0.5,0.3266563944530046
kalshi,KXNBATOTAL-26APR27OKCPHX-214,Game 4: Oklahoma City at Phoenix: Total Points,sports,,2026-04-28 03:50:22+00:00,YES,0.51,snapshot_fallback,566381.83,1,0.24009999999999998,0.6733445532637656,,unknown,$250k-$1m,0.5,0.3266563944530046
kalshi,KXNBATOTAL-26APR27DETORL-220,Game 4: Detroit at Orlando: Total Points,sports,,2026-04-28 03:05:42+00:00,NO,0.35,snapshot_fallback,162857.96,0,0.12249999999999998,0.4307829160924542,,unknown,$100k-$250k,0.5,0.3266563944530046
kalshi,KXNBATOTAL-26APR27DETORL-217,Game 4: Detroit at Orlando: Total Points,sports,,2026-04-28 03:05:42+00:00,NO,0.43,snapshot_fallback,320249.87,0,0.18489999999999998,0.5621189181535411,,unknown,$250k-$1m,0.5,0.3266563944530046
kalshi,KXNBATOTAL-26APR27DETORL-214,Game 4: Detroit at Orlando: Total Points,sports,,2026-04-28 03:05:42+00:00,NO,0.5,snapshot_fallback,1016043.76,0,0.25,0.6931471805599453,,unknown,$1m-$5m,0.5,0.3266563944530046
kalshi,KXNBATOTAL-26APR27DETORL-211,Game 4: Detroit at Orlando: Total Points,sports,,2026-04-28 03:05:42+00:00,NO,0.59,snapshot_fallback,581035.44,0,0.34809999999999997,0.8915981192837835,,unknown,$250k-$1m,0.5,0.3266563944530046
kalshi,KXNBATOTAL-26APR27DETORL-208,Game 4: Detroit at Orlando: Total Points,sports,,2026-04-28 03:05:41+00:00,NO,0.65,snapshot_fallback,371510.14,0,0.42250000000000004,1.0498221244986778,,unknown,$250k-$1m,0.5,0.3266563944530046
kalshi,KXNBATOTAL-26APR27DETORL-205,Game 4: Detroit at Orlando: Total Points,sports,,2026-04-28 03:05:41+00:00,NO,0.72,snapshot_fallback,318395.42,0,0.5184,1.2729656758128873,,unknown,$250k-$1m,0.5,0.3266563944530046
kalshi,KXNBATOTAL-26APR27DETORL-202,Game 4: Detroit at Orlando: Total Points,sports,,2026-04-28 03:05:41+00:00,NO,0.77,snapshot_fallback,371088.14,0,0.5929,1.4696759700589417,,unknown,$250k-$1m,0.5,0.3266563944530046
kalshi,KXNBATOTAL-26APR27DETORL-199,Game 4: Detroit at Orlando: Total Points,sports,,2026-04-28 03:05:41+00:00,NO,0.85,snapshot_fallback,834465.39,0,0.7224999999999999,1.897119984885881,,unknown,$250k-$1m,0.5,0.3266563944530046
kalshi,KXNBASPREAD-26APR27OKCPHX-OKC7,Oklahoma City wins by over 7.5 points?,sports,,2026-04-28 04:21:35+00:00,YES,0.63,snapshot_fallback,588749.91,1,0.1369,0.4620354595965587,,unknown,$250k-$1m,0.5,0.3266563944530046
kalshi,KXNBASPREAD-26APR27OKCPHX-OKC4,Oklahoma City wins by over 4.5 points?,sports,,2026-04-28 04:21:35+00:00,YES,0.73,snapshot_fallback,287739.89,1,0.0729,0.31471074483970024,,unknown,$250k-$1m,0.5,0.3266563944530046
kalshi,KXNBASPREAD-26APR27OKCPHX-OKC19,Oklahoma City wins by over 19.5 points?,sports,,2026-04-28 04:21:36+00:00,NO,0.26,snapshot_fallback,146279.35,0,0.06760000000000001,0.3011050927839216,,unknown,$100k-$250k,0.5,0.3266563944530046
kalshi,KXNBASPREAD-26APR27OKCPHX-OKC16,Oklahoma City wins by over 16.5 points?,sports,,2026-04-28 04:21:36+00:00,NO,0.34,snapshot_fallback,239033.39,0,0.11560000000000002,0.41551544396166595,,unknown,$100k-$250k,0.5,0.3266563944530046
kalshi,KXNBASPREAD-26APR27OKCPHX-OKC13,Oklahoma City wins by over 13.5 points?,sports,,2026-04-28 04:21:36+00:00,NO,0.43,snapshot_fallback,1071551.15,0,0.18489999999999998,0.5621189181535411,,unknown,$1m-$5m,0.5,0.3266563944530046
kalshi,KXNBASPREAD-26APR27OKCPHX-OKC10,Oklahoma City wins by over 10.5 points?,sports,,2026-04-28 04:21:36+00:00,NO,0.52,snapshot_fallback,1741787.78,0,0.27040000000000003,0.7339691750802004,,unknown,$1m-$5m,0.5,0.3266563944530046
kalshi,KXNBASPREAD-26APR27OKCPHX-OKC1,Oklahoma City wins by over 1.5 points?,sports,,2026-04-28 04:21:35+00:00,YES,0.8,snapshot_fallback,103592.13,1,0.03999999999999998,0.2231435513142097,,unknown,$100k-$250k,0.5,0.3266563944530046
kalshi,KXNBASPREAD-26APR27DETORL-ORL9,Orlando wins by over 9.5 points?,sports,,2026-04-28 03:05:41+00:00,NO,0.16,snapshot_fallback,266421.94,0,0.0256,0.1743533871447778,,unknown,$250k-$1m,0.5,0.3266563944530046
kalshi,KXNBASPREAD-26APR27DETORL-ORL6,Orlando wins by over 6.5 points?,sports,,2026-04-28 03:05:41+00:00,NO,0.23,snapshot_fallback,735147.71,0,0.0529,0.2613647641344075,,unknown,$250k-$1m,0.5,0.3266563944530046
kalshi,KXNBASPREAD-26APR27DETORL-ORL3,Orlando wins by over 3.5 points?,sports,,2026-04-28 03:05:42+00:00,YES,0.34,snapshot_fallback,1108402.18,1,0.4355999999999999,1.0788096613719298,,unknown,$1m-$5m,0.5,0.3266563944530046
kalshi,KXNBASPREAD-26APR27DETORL-ORL12,Orlando wins by over 12.5 points?,sports,,2026-04-28 03:05:41+00:00,NO,0.1,snapshot_fallback,134048.7,0,0.010000000000000002,0.10536051565782628,,unknown,$100k-$250k,0.5,0.3266563944530046
kalshi,KXNBASPREAD-26APR27DETORL-DET9,Detroit wins by over 9.5 points?,sports,,2026-04-28 03:05:42+00:00,NO,0.3,snapshot_fallback,137269.42,0,0.09,0.35667494393873245,,unknown,$100k-$250k,0.5,0.3266563944530046
kalshi,KXNBASPREAD-26APR27DETORL-DET6,Detroit wins by over 6.5 points?,sports,,2026-04-28 03:05:42+00:00,NO,0.37,snapshot_fallback,541411.0,0,0.1369,0.4620354595965587,,unknown,$250k-$1m,0.5,0.3266563944530046
kalshi,KXNBASPREAD-26APR27DETORL-DET3,Detroit wins by over 3.5 points?,sports,,2026-04-28 03:05:42+00:00,NO,0.48,snapshot_fallback,2298227.09,0,0.2304,0.6539264674066639,,unknown,$1m-$5m,0.5,0.3266563944530046
kalshi,KXNBA1HWINNER-26APR27DETORL-ORL,Detroit vs Orlando: First Half Winner?,sports,,2026-04-28 01:25:35+00:00,YES,0.44,snapshot_fallback,256856.7,1,0.31360000000000005,0.8209805520698302,,unknown,$250k-$1m,0.5,0.3266563944530046
kalshi,KXNBA1HWINNER-26APR27DETORL-DET,Detroit vs Orlando: First Half Winner?,sports,,2026-04-28 01:25:35+00:00,NO,0.56,snapshot_fallback,185358.83,0,0.31360000000000005,0.8209805520698303,,unknown,$100k-$250k,0.5,0.3266563944530046
kalshi,KXMVESPORTSMULTIGAMEEXTENDED-S202666B7CBE7C0E-8AA93289A3C,"yes Denver,yes Nikola Jokić: 25+,yes Anthony Edwards: 25+,yes Julius Randle: 15+,no Over 235.5 points scored",sports,2026-04-25 14:35:03.726936+00:00,2026-04-26 03:49:17+00:00,NO,0.046,snapshot_fallback,189327.0,0,0.002116,0.04709160753385057,0.5515425123148148,<1 day,$100k-$250k,0.5,0.3266563944530046
kalshi,KXMVESPORTSMULTIGAMEEXTENDED-S2026919849DA578-3F0E62E1C24,"yes Philadelphia,yes Toronto,yes Los Angeles L,yes San Antonio",sports,2026-04-25 11:11:46.094340+00:00,2026-04-27 02:48:23+00:00,NO,0.036,snapshot_fallback,124944.0,0,0.0012959999999999998,0.03666398437159147,1.6504271488425926,1-7 days,$100k-$250k,0.5,0.3266563944530046
kalshi,KXMVESPORTSMULTIGAMEEXTENDED-S20269CA7940B47D-236FE6359AC,"yes Anthony Edwards: 2+,yes Desmond Bane: 1+,yes CJ McCollum: 1+,yes OG Anunoby: 1+,yes Jalen Suggs: 10+,yes Paolo Banchero: 20+,yes CJ McCollum: 15+,yes OG Anunoby: 10+,yes Chet Holmgren: 10+,yes Shai Gilgeous-Alexander: 25+,yes Devin Booker: 20+,yes Dillon Brooks: 15+,yes Jalen Green: 15+,yes Kelly Oubre Jr.: 10+,yes Tyrese Maxey: 20+,yes VJ Edgecombe: 10+,yes James Harden: 15+,yes RJ Barrett: 15+,yes Dylan Harper: 10+,yes Stephon Castle: 15+,yes Rudy Gobert: 8+,yes Ausar Thompson: 4+,yes Paolo Banchero: 6+,yes Onyeka Okongwu: 4+,yes Isaiah Hartenstein: 6+,yes Dillon Brooks: 2+,yes Nikola Vučević: 4+,yes Donovan Clingan: 6+",sports,2026-04-25 09:51:57.327556+00:00,2026-04-25 23:35:19+00:00,NO,0.039,snapshot_fallback,1113684.0,0,0.001521,0.0397808700118446,0.57177861625,<1 day,$1m-$5m,0.5,0.3266563944530046
kalshi,KXMVESPORTSMULTIGAMEEXTENDED-S20269D14D138313-A90B3C742B8,"yes Yordan Alvarez: 1+,yes Elly De La Cruz: 1+,yes Matt Olson: 1+",sports,2026-04-25 09:06:46.628597+00:00,2026-04-26 03:55:36+00:00,NO,0.034,snapshot_fallback,719047.0,0,0.0011560000000000001,0.03459144476961909,0.7839047616087963,<1 day,$250k-$1m,0.5,0.3266563944530046
kalshi,KXMVESPORTSMULTIGAMEEXTENDED-S2026919849DA578-B3D331352C8,"yes Boston,yes Toronto,yes Los Angeles L,yes San Antonio",sports,2026-04-25 08:46:49.323927+00:00,2026-04-27 04:45:42+00:00,NO,0.06,snapshot_fallback,137950.0,0,0.0036,0.06187540371808753,1.8325541212152778,1-7 days,$100k-$250k,0.5,0.3266563944530046
kalshi,KXMVESPORTSMULTIGAMEEXTENDED-S2026919849DA578-27196E2FB5F,"yes Philadelphia,yes Toronto,yes Los Angeles L,yes Portland",sports,2026-04-25 08:10:47.661854+00:00,2026-04-26 22:36:31+00:00,NO,0.034,snapshot_fallback,407017.0,0,0.0011560000000000001,0.03459144476961909,1.6011960433564814,1-7 days,$250k-$1m,0.5,0.3266563944530046
kalshi,KXMVESPORTSMULTIGAMEEXTENDED-S2026919849DA578-5245E46962D,"yes Philadelphia,yes Cleveland,yes Los Angeles L,yes Portland",sports,2026-04-25 08:10:43.988588+00:00,2026-04-26 20:51:26+00:00,NO,0.04,snapshot_fallback,124786.0,0,0.0016,0.040821994520255166,1.528264020972222,1-7 days,$100k-$250k,0.5,0.3266563944530046
kalshi,KXMVESPORTSMULTIGAMEEXTENDED-S2026953D40DB914-3D69A9AAF87,"yes Philadelphia,yes Los Angeles L,yes Portland",sports,2026-04-25 08:10:35.473315+00:00,2026-04-26 22:36:28+00:00,NO,0.16,snapshot_fallback,104519.0,0,0.0256,0.1743533871447778,1.6013023921874998,1-7 days,$100k-$250k,0.5,0.3266563944530046
kalshi,KXMVESPORTSMULTIGAMEEXTENDED-S20264E55FB02AF6-6F3FD88CF72,"yes Oklahoma City,yes Ayo Dosunmu: 10+,yes Donte DiVincenzo: 10+,yes Jaden McDaniels: 10+,yes Cade Cunningham: 25+,yes Tobias Harris: 10+,yes Franz Wagner: 10+,yes Jalen Suggs: 10+,yes CJ McCollum: 10+,yes Jalen Johnson: 15+,yes Karl-Anthony Towns: 10+,yes OG Anunoby: 10+,yes Chet Holmgren: 10+,yes Devin Booker: 20+,yes Dillon Brooks: 10+,yes Jalen Green: 15+,yes Jaylen Brown: 20+,yes Tyrese Maxey: 20+,yes VJ Edgecombe: 10+,yes Evan Mobley: 10+,yes James Harden: 10+,yes RJ Barrett: 15+,yes Scottie Barnes: 10+,yes Alperen Sengun: 10+,yes Jabari Smith Jr.: 10+,yes Rui Hachimura: 10+,yes Devin Vassell: 10+",sports,2026-04-25 07:43:42.827436+00:00,2026-04-25 23:34:38+00:00,NO,0.044,snapshot_fallback,1251919.0,0,0.0019359999999999998,0.044997365930735805,0.6603607935648148,<1 day,$1m-$5m,0.5,0.3266563944530046
kalshi,KXMVESPORTSMULTIGAMEEXTENDED-S2026953D40DB914-F29EEA26A42,"yes Philadelphia,yes Los Angeles L,yes San Antonio",sports,2026-04-25 07:39:03.927045+00:00,2026-04-27 02:47:56+00:00,NO,0.024,snapshot_fallback,120038.0,0,0.000576,0.024292692569044587,1.7978249184606483,1-7 days,$100k-$250k,0.5,0.3266563944530046
kalshi,KXMVESPORTSMULTIGAMEEXTENDED-S2026BA2049D9234-0AEBD7ADA44,"yes Jamal Murray: 2+,yes Jalen Suggs: 2+,yes Paolo Banchero: 2+,yes Josh Hart: 2+,yes Donovan Mitchell: 2+,yes Alperen Sengun: 2+,yes Amen Thompson: 2+,yes Marcus Smart: 2+,yes Jrue Holiday: 2+,yes De'Aaron Fox: 2+,yes Jamal Murray: 20+,yes Nikola Jokić: 20+,yes Jaden McDaniels: 10+,yes Tobias Harris: 10+,yes Jalen Suggs: 10+,yes CJ McCollum: 15+,yes Jonathan Kuminga: 10+,yes Karl-Anthony Towns: 15+,yes Chet Holmgren: 10+,yes Dillon Brooks: 10+,yes Jalen Green: 15+,yes Tyrese Maxey: 20+,yes VJ Edgecombe: 10+,yes James Harden: 15+,yes RJ Barrett: 15+,yes Scottie Barnes: 15+,yes Alperen Sengun: 10+,yes Jabari Smith Jr.: 10+,yes Anthony Edwards: 2+,yes Jaden McDaniels: 2+,yes Cade Cunningham: 2+,yes Tobias Harris: 2+,yes Jalen Suggs: 2+,yes Onyeka Okongwu: 4+,yes OG Anunoby: 4+,yes Dillon Brooks: 2+,yes Jalen Green: 2+,yes Kelly Oubre Jr.: 2+,yes Donovan Mitchell: 2+,yes RJ Barrett: 2+,yes Jrue Holiday: 2+,yes Stephon Castle: 2+,yes Over 202.5 points scored",sports,2026-04-25 07:19:51.768383+00:00,2026-04-26 23:38:43+00:00,NO,0.093,snapshot_fallback,107185.0,0,0.008649,0.09761282886700041,1.6797596251967595,1-7 days,$100k-$250k,0.5,0.3266563944530046
kalshi,KXMVESPORTSMULTIGAMEEXTENDED-S2026919849DA578-16B595F1C7A,"yes Boston,yes Cleveland,yes Los Angeles L,yes San Antonio",sports,2026-04-25 07:08:40.210864+00:00,2026-04-26 20:51:26+00:00,NO,0.04,snapshot_fallback,789148.0,0,0.0016,0.040821994520255166,1.5713633001851852,1-7 days,$250k-$1m,0.5,0.3266563944530046
kalshi,KXMVESPORTSMULTIGAMEEXTENDED-S2026D66471BB265-38A4A2ABA42,"yes Paolo Banchero: 1+,yes Shai Gilgeous-Alexander: 1+,yes Ausar Thompson: 2+,yes Jalen Suggs: 4+,yes Paolo Banchero: 4+,yes Orlando,yes New York,yes Phoenix,yes Donte DiVincenzo: 10+,yes Julius Randle: 15+,yes Desmond Bane: 15+,yes Franz Wagner: 10+,yes Jonathan Kuminga: 10+,yes Onyeka Okongwu: 10+,yes Devin Booker: 20+",sports,2026-04-25 05:40:36.460689+00:00,2026-04-25 20:39:07+00:00,NO,0.027,snapshot_fallback,476223.0,0,0.0007289999999999999,0.027371196796132015,0.6239645753587963,<1 day,$250k-$1m,0.5,0.3266563944530046
kalshi,KXMVESPORTSMULTIGAMEEXTENDED-S20263C7E20EA897-74803A80CAD,"yes Los Angeles L,yes ANA Ducks",sports,2026-04-25 04:24:00.208890+00:00,2026-04-27 04:52:10+00:00,NO,0.22,snapshot_fallback,119473.0,0,0.0484,0.2484613592984996,2.0195577674768517,1-7 days,$100k-$250k,0.5,0.3266563944530046
kalshi,KXMLBGAME-26APR272210MIALAD-MIA,Miami vs Los Angeles D Winner?,sports,,2026-04-28 05:11:59+00:00,NO,0.26,snapshot_fallback,2497376.21,0,0.06760000000000001,0.3011050927839216,,unknown,$1m-$5m,0.5,0.3266563944530046
kalshi,KXMLBGAME-26APR272210MIALAD-LAD,Miami vs Los Angeles D Winner?,sports,,2026-04-28 05:11:59+00:00,YES,0.74,snapshot_fallback,4143021.23,1,0.06760000000000001,0.3011050927839216,,unknown,$1m-$5m,0.5,0.3266563944530046
kalshi,KXMLBRFI-26APR272140CHCSD,Chicago C vs San Diego First Inning Run?,sports,,2026-04-28 02:11:23+00:00,YES,0.45,snapshot_fallback,104974.53,1,0.30250000000000005,0.7985076962177716,,unknown,$100k-$250k,0.5,0.3266563944530046
kalshi,KXMLBGAME-26APR272140CHCSD-SD,Chicago C vs San Diego Winner?,sports,,2026-04-28 04:54:43+00:00,YES,0.51,snapshot_fallback,2852954.88,1,0.24009999999999998,0.6733445532637656,,unknown,$1m-$5m,0.5,0.3266563944530046
kalshi,KXMLBGAME-26APR272140CHCSD-CHC,Chicago C vs San Diego Winner?,sports,,2026-04-28 04:54:43+00:00,NO,0.5,snapshot_fallback,2760802.66,0,0.25,0.6931471805599453,,unknown,$1m-$5m,0.5,0.3266563944530046
kalshi,KXMLBGAME-26APR272005NYYTEX-TEX,New York Y vs Texas Winner?,sports,,2026-04-28 03:00:31+00:00,NO,0.4,snapshot_fallback,1202431.32,0,0.16000000000000003,0.5108256237659907,,unknown,$1m-$5m,0.5,0.3266563944530046
kalshi,KXMLBGAME-26APR272005NYYTEX-NYY,New York Y vs Texas Winner?,sports,,2026-04-28 03:00:31+00:00,YES,0.61,snapshot_fallback,1779271.85,1,0.1521,0.4942963218147801,,unknown,$1m-$5m,0.5,0.3266563944530046
kalshi,KXMVESPORTSMULTIGAMEEXTENDED-S20261DD9048ECEB-6DC47CEC7C4,"yes Los Angeles L,yes Rui Hachimura: 20+",sports,2026-04-25 00:14:22.879437+00:00,2026-04-25 04:36:24+00:00,YES,0.729,snapshot_fallback,107944.0,1,0.073441,0.31608154697347896,0.18195741392361112,<1 day,$100k-$250k,0.5,0.3266563944530046
kalshi,KXLOLGAME-26APR280700TESWB-TES,Will Top Esports win the Top Esports vs. Weibo Gaming League of Legends match?,sports,,2026-04-28 13:10:33+00:00,NO,0.72,snapshot_fallback,146827.09,0,0.5184,1.2729656758128873,,unknown,$100k-$250k,0.5,0.3266563944530046
kalshi,KXMLBGAME-26APR271940LAACWS-LAA,Los Angeles A vs Chicago WS Winner?,sports,,2026-04-28 05:40:11+00:00,NO,0.52,snapshot_fallback,3119720.78,0,0.27040000000000003,0.7339691750802004,,unknown,$1m-$5m,0.5,0.3266563944530046
kalshi,KXMLBGAME-26APR271940LAACWS-CWS,Los Angeles A vs Chicago WS Winner?,sports,,2026-04-28 05:40:11+00:00,YES,0.49,snapshot_fallback,1268201.93,1,0.2601,0.7133498878774648,,unknown,$1m-$5m,0.5,0.3266563944530046
kalshi,KXMLBGAME-26APR271940SEAMIN-SEA,Seattle vs Minnesota Winner?,sports,,2026-04-28 02:30:54+00:00,NO,0.55,snapshot_fallback,1537951.12,0,0.30250000000000005,0.7985076962177717,,unknown,$1m-$5m,0.5,0.3266563944530046
kalshi,KXMLBGAME-26APR271940SEAMIN-MIN,Seattle vs Minnesota Winner?,sports,,2026-04-28 02:30:54+00:00,YES,0.46,snapshot_fallback,559375.09,1,0.2916,0.7765287894989963,,unknown,$250k-$1m,0.5,0.3266563944530046
kalshi,KXMLBRFI-26APR271907BOSTOR,Boston vs Toronto First Inning Run?,sports,,2026-04-27 23:24:50+00:00,NO,0.43,snapshot_fallback,103690.0,0,0.18489999999999998,0.5621189181535411,,unknown,$100k-$250k,0.5,0.3266563944530046
kalshi,KXMVESPORTSMULTIGAMEEXTENDED-S20261DD9048ECEB-C1639B34D76,"yes Los Angeles L,yes Amen Thompson: 25+",sports,2026-04-24 23:30:52.380966+00:00,2026-04-25 04:36:24+00:00,YES,0.73,snapshot_fallback,244959.0,1,0.0729,0.31471074483970024,0.21217151659722222,<1 day,$100k-$250k,0.5,0.3266563944530046
kalshi,KXMLBGAME-26APR271907BOSTOR-TOR,Boston vs Toronto Winner?,sports,,2026-04-28 01:44:56+00:00,NO,0.57,snapshot_fallback,1275519.23,0,0.32489999999999997,0.8439700702945289,,unknown,$1m-$5m,0.5,0.3266563944530046
kalshi,KXMLBGAME-26APR271907BOSTOR-BOS,Boston vs Toronto Winner?,sports,,2026-04-28 01:44:56+00:00,YES,0.44,snapshot_fallback,737430.44,1,0.31360000000000005,0.8209805520698302,,unknown,$250k-$1m,0.5,0.3266563944530046
kalshi,KXMLBGAME-26APR271840STLPIT-STL,St. Louis vs Pittsburgh Winner?,sports,,2026-04-28 01:35:03+00:00,YES,0.45,snapshot_fallback,1975027.16,1,0.30250000000000005,0.7985076962177716,,unknown,$1m-$5m,0.5,0.3266563944530046
kalshi,KXMLBGAME-26APR271840STLPIT-PIT,St. Louis vs Pittsburgh Winner?,sports,,2026-04-28 01:35:03+00:00,NO,0.56,snapshot_fallback,1865750.99,0,0.31360000000000005,0.8209805520698303,,unknown,$1m-$5m,0.5,0.3266563944530046
kalshi,KXMLBRFI-26APR271810TBCLE,Tampa Bay vs Cleveland First Inning Run?,sports,,2026-04-27 22:24:53+00:00,NO,0.47,snapshot_fallback,180333.75,0,0.22089999999999999,0.6348782724359695,,unknown,$100k-$250k,0.5,0.3266563944530046
kalshi,KXMLBGAME-26APR271810TBCLE-TB,Tampa Bay vs Cleveland Winner?,sports,,2026-04-28 00:50:29+00:00,YES,0.45,snapshot_fallback,2283587.85,1,0.30250000000000005,0.7985076962177716,,unknown,$1m-$5m,0.5,0.3266563944530046
kalshi,KXMLBGAME-26APR271810TBCLE-CLE,Tampa Bay vs Cleveland Winner?,sports,,2026-04-28 00:50:29+00:00,NO,0.57,snapshot_fallback,2057400.67,0,0.32489999999999997,0.8439700702945289,,unknown,$1m-$5m,0.5,0.3266563944530046
kalshi,KXMVECROSSCATEGORY-S2026FF066F027E8-F137559ADBC,"yes Jaylen Brown: 2+,yes Tyrese Maxey: 2+,yes VJ Edgecombe: 2+,yes Jayson Tatum: 6+,yes Tyrese Maxey: 6+,yes Jaylen Brown: 20+,yes VJ Edgecombe: 10+,yes Jabari Smith Jr.: 10+,yes Marcus Smart: 10+,yes Jrue Holiday: 10+,yes Devin Vassell: 10+,yes Ayo Dosunmu: 10+,yes Donte DiVincenzo: 10+,yes Tobias Harris: 10+,yes Jalen Suggs: 10+,yes Payton Pritchard: 2+,yes VJ Edgecombe: 2+,yes Alperen Sengun: 6+,yes Tari Eason: 4+,yes LeBron James: 6+,yes Over 200.5 points scored,yes Over 191.5 points scored,yes Over 205.5 points scored,yes Over 214.5 points scored,yes Over 198.5 points scored,yes Over 199.5 points scored,yes Over 202.5 points scored,yes Over 205.5 points scored",sports,2026-04-24 19:00:25.560840+00:00,2026-04-25 02:35:14+00:00,NO,0.061,snapshot_fallback,103633.0,0,0.003721,0.06293979977387408,0.31583841620370373,<1 day,$100k-$250k,0.5,0.3266563944530046
kalshi,KXMVESPORTSMULTIGAMEEXTENDED-S2026BE61E5E770B-4D60EB3C4D9,"yes Denver,yes Orlando,yes New York,yes Oklahoma City",sports,2026-04-24 14:12:58.982950+00:00,2026-04-26 03:43:46+00:00,NO,0.16,snapshot_fallback,200618.0,0,0.0256,0.1743533871447778,1.5630441788194445,1-7 days,$100k-$250k,0.5,0.3266563944530046
kalshi,KXMVESPORTSMULTIGAMEEXTENDED-S20266CF3E8553BC-B54CCD5BFC7,"yes Manchester United,yes Espanyol,yes Atalanta,yes Lazio",sports,2026-04-24 02:49:08.119249+00:00,2026-04-27 19:09:39+00:00,NO,0.039,snapshot_fallback,377579.0,0,0.001521,0.0397808700118446,3.680912971655093,1-7 days,$250k-$1m,0.5,0.3266563944530046
kalshi,KXMVESPORTSMULTIGAMEEXTENDED-S202683F0670010E-7F98CF56F5B,"yes James Harden: 3+,yes CJ McCollum: 15+",sports,2026-04-23 18:05:55.475276+00:00,2026-04-24 03:52:48+00:00,YES,0.353,snapshot_fallback,101638.0,1,0.418609,1.0412872220488403,0.40755236949074075,<1 day,$100k-$250k,0.5,0.3266563944530046
kalshi,KXMVESPORTSMULTIGAMEEXTENDED-S2026C0C31178235-D8AE31FEE93,"yes Alaves,yes Atletico,yes Barcelona,yes Valencia",sports,2026-04-23 15:35:34.404305+00:00,2026-04-25 21:37:45+00:00,YES,0.961,snapshot_fallback,118785.0,1,0.0015210000000000026,0.0397808700118446,2.251511524247685,1-7 days,$100k-$250k,0.5,0.3266563944530046
kalshi,KXMVECROSSCATEGORY-S2026371ACD35BC9-9BE440CEF12,"yes Atlanta,yes Boston",sports,2026-04-23 13:08:51.204223+00:00,2026-04-25 03:16:15+00:00,YES,0.961,snapshot_fallback,111718.0,1,0.0015210000000000026,0.0397808700118446,1.5884698585300925,1-7 days,$100k-$250k,0.5,0.3266563944530046
kalshi,KXMVESPORTSMULTIGAMEEXTENDED-S2026173EC5DE7C3-D57E94AE09A,"yes Orlando,yes Minnesota",sports,2026-04-23 10:08:21.849720+00:00,2026-04-28 05:58:47+00:00,NO,0.054,snapshot_fallback,165988.0,0,0.0029159999999999998,0.05551270993025883,4.826679980092592,1-7 days,$100k-$250k,0.5,0.3266563944530046
kalshi,KXMVESPORTSMULTIGAMEEXTENDED-S2026EAF627F2F5F-001D4B85B32,"yes CJ McCollum: 1+,yes Jalen Brunson: 1+,yes Tyrese Maxey: 2+,yes Scottie Barnes: 4+,yes Nikola Jokić: 6+,yes Julius Randle: 4+,yes Donovan Mitchell: 25+,yes James Harden: 20+,yes Scottie Barnes: 15+,yes Jamal Murray: 25+,yes CJ McCollum: 15+,yes Karl-Anthony Towns: 15+,yes Jayson Tatum: 20+,yes Tyrese Maxey: 20+,yes Kevin Durant: 20+,yes Marcus Smart: 10+,yes Deni Avdija: 20+,yes De'Aaron Fox: 15+,yes Devin Vassell: 10+,yes Stephon Castle: 15+,yes Onyeka Okongwu: 4+,yes Josh Hart: 8+,yes Nikola Vučević: 4+",sports,2026-04-23 06:53:42.196193+00:00,2026-04-24 02:21:57+00:00,NO,0.15,snapshot_fallback,1077154.0,0,0.0225,0.16251892949777494,0.8112824514699074,<1 day,$1m-$5m,0.5,0.3266563944530046
kalshi,KXMVESPORTSMULTIGAMEEXTENDED-S20261DD9048ECEB-2C11974784A,"yes Los Angeles L,yes Marcus Smart: 20+",sports,2026-04-23 04:55:19.070027+00:00,2026-04-25 04:36:24+00:00,YES,0.729,snapshot_fallback,146756.0,1,0.073441,0.31608154697347896,1.9868626154282407,1-7 days,$100k-$250k,0.5,0.3266563944530046
kalshi,KXMVESPORTSMULTIGAMEEXTENDED-S20262532936420A-093DB1ED7DF,"yes Brandon Ingram: 1+,yes Anthony Edwards: 2+,yes CJ McCollum: 1+,yes Nickeil Alexander-Walker: 2+,yes Tyrese Maxey: 2+,yes Scottie Barnes: 4+,yes Nikola Jokić: 6+,yes Julius Randle: 4+,yes Jalen Brunson: 4+,yes Jarrett Allen: 10+,yes James Harden: 15+,yes RJ Barrett: 15+,yes Cameron Johnson: 10+,yes Julius Randle: 15+,yes CJ McCollum: 15+,yes Onyeka Okongwu: 10+,yes Jaylen Brown: 20+,yes Tyrese Maxey: 20+,yes Deni Avdija: 20+,yes Paolo Banchero: 20+,yes Evan Mobley: 6+,yes Nikola Jokić: 10+,yes Rudy Gobert: 10+,yes Onyeka Okongwu: 4+,yes Josh Hart: 6+,yes Nikola Vučević: 4+,yes Donovan Clingan: 8+,yes Ausar Thompson: 4+,yes Paolo Banchero: 6+",sports,2026-04-23 04:31:56.145118+00:00,2026-04-24 02:21:11+00:00,NO,0.02,snapshot_fallback,206695.0,0,0.0004,0.020202707317519466,0.9091997092824075,<1 day,$100k-$250k,0.5,0.3266563944530046
kalshi,KXMVESPORTSMULTIGAMEEXTENDED-S2026AB4B12EA5C2-639375A0510,"yes Leipzig,yes Sunderland,yes Real Madrid,yes Lens,yes Napoli",sports,2026-04-22 19:45:07.809381+00:00,2026-04-24 21:26:16+00:00,NO,0.028,snapshot_fallback,228133.0,0,0.0007840000000000001,0.028399474521698,2.0702336877199072,1-7 days,$100k-$250k,0.5,0.3266563944530046
kalshi,KXMVECROSSCATEGORY-S2026B24D5FF1620-720B1BC9941,"yes Atlanta,yes Detroit",sports,2026-04-22 14:01:20.728850+00:00,2026-04-23 20:19:48+00:00,YES,0.961,snapshot_fallback,187050.0,1,0.0015210000000000026,0.0397808700118446,1.2628156383101852,1-7 days,$100k-$250k,0.5,0.3266563944530046
kalshi,KXMVESPORTSMULTIGAMEEXTENDED-S202671A9631518D-BF413B2253F,"yes Philadelphia,yes Houston,yes Portland",sports,2026-04-22 07:14:17.883849+00:00,2026-04-25 02:56:55+00:00,NO,0.021,snapshot_fallback,158766.0,0,0.00044100000000000004,0.021223636451626688,2.8212629184143516,1-7 days,$100k-$250k,0.5,0.3266563944530046
kalshi,KXMVESPORTSMULTIGAMEEXTENDED-S202671A9631518D-0A4318B42B0,"yes Boston,yes Houston,yes San Antonio",sports,2026-04-22 07:03:33.287929+00:00,2026-04-25 04:06:21+00:00,NO,0.05,snapshot_fallback,147740.0,0,0.0025000000000000005,0.05129329438755058,2.87694111193287,1-7 days,$100k-$250k,0.5,0.3266563944530046
kalshi,KXMVESPORTSMULTIGAMEEXTENDED-S202671A9631518D-63462BC44D2,"yes Philadelphia,yes Los Angeles L,yes San Antonio",sports,2026-04-22 06:32:03.240016+00:00,2026-04-25 02:56:55+00:00,NO,0.079,snapshot_fallback,260415.0,0,0.006241,0.08229524272683016,2.850599073888889,1-7 days,$250k-$1m,0.5,0.3266563944530046
kalshi,KXMVESPORTSMULTIGAMEEXTENDED-S2026F2ED22E03BA-E1BE743E5A1,"yes Boston,yes Houston",sports,2026-04-22 06:02:06.218986+00:00,2026-04-25 04:21:49+00:00,NO,0.212,snapshot_fallback,140748.0,0,0.044944,0.2382571891242579,2.930356261736111,1-7 days,$100k-$250k,0.5,0.3266563944530046
kalshi,KXMVESPORTSMULTIGAMEEXTENDED-S202671A9631518D-6FD65EFA182,"yes Boston,yes Los Angeles L,yes San Antonio",sports,2026-04-22 06:01:31.424520+00:00,2026-04-25 05:47:12+00:00,YES,0.5,snapshot_fallback,961651.0,1,0.25,0.6931471805599453,2.9900529569444445,1-7 days,$250k-$1m,0.5,0.3266563944530046
kalshi,KXMVESPORTSMULTIGAMEEXTENDED-S202671A9631518D-D53B50D97B9,"yes Philadelphia,yes Los Angeles L,yes Portland",sports,2026-04-22 05:26:32.003892+00:00,2026-04-25 02:56:55+00:00,NO,0.04,snapshot_fallback,916794.0,0,0.0016,0.040821994520255166,2.8960994919907406,1-7 days,$250k-$1m,0.5,0.3266563944530046
kalshi,KXMVESPORTSMULTIGAMEEXTENDED-S20269467624D55E-E4524FC515A,"yes Boston,yes Los Angeles L",sports,2026-04-22 04:39:34.052322+00:00,2026-04-27 04:45:22+00:00,NO,0.045,snapshot_fallback,241310.0,0,0.002025,0.046043938501406846,5.004027172199074,1-7 days,$100k-$250k,0.5,0.3266563944530046
kalshi,KXMVESPORTSMULTIGAMEEXTENDED-S20268C7DB08CBB4-B951578F73A,"yes Boston,yes San Antonio",sports,2026-04-22 04:24:33.351652+00:00,2026-04-27 03:12:08+00:00,YES,0.961,snapshot_fallback,160144.0,1,0.0015210000000000026,0.0397808700118446,4.949706578101852,1-7 days,$100k-$250k,0.5,0.3266563944530046
kalshi,KXMVESPORTSMULTIGAMEEXTENDED-S202671A9631518D-7EF36B23B3B,"yes Boston,yes Los Angeles L,yes Portland",sports,2026-04-22 04:11:54.312268+00:00,2026-04-25 05:47:12+00:00,NO,0.056,snapshot_fallback,185328.0,0,0.0031360000000000003,0.057629112836636416,3.0661769413425928,1-7 days,$100k-$250k,0.5,0.3266563944530046
kalshi,KXMVESPORTSMULTIGAMEEXTENDED-S20260F1C5DD5531-54A39D30DB9,"yes New York Y,yes New York",sports,2026-04-21 20:03:14.828038+00:00,2026-04-24 03:23:24+00:00,NO,0.354,snapshot_fallback,195439.0,0,0.12531599999999998,0.43695577519953516,2.305661712523148,1-7 days,$100k-$250k,0.5,0.3266563944530046
kalshi,KXMVESPORTSMULTIGAMEEXTENDED-S202691FEA8A298A-54A9D32C2DA,"yes Barcelona,yes Atletico,yes Real Sociedad",sports,2026-04-21 19:54:25.080230+00:00,2026-04-22 19:20:01+00:00,NO,0.2,snapshot_fallback,206125.0,0,0.04000000000000001,0.2231435513142097,0.9761101825231481,<1 day,$100k-$250k,0.5,0.3266563944530046
kalshi,KXBUNDESLIGASPREAD-26APR25M05BMU-BMU1,Bayern Munich wins by over 1.5 goals?,sports,,2026-04-25 15:32:14+00:00,NO,0.09,snapshot_fallback,129379.31,0,0.0081,0.09431067947124129,,unknown,$100k-$250k,0.5,0.3266563944530046
kalshi,KXMVESPORTSMULTIGAMEEXTENDED-S2026BD953ADE5F1-B98CB7519D0,"yes Cleveland,yes Cincinnati,yes Los Angeles L",sports,2026-04-21 14:41:48.362316+00:00,2026-04-22 06:25:13+00:00,YES,0.304,snapshot_fallback,168341.0,1,0.48441599999999996,1.1907275775759154,0.6551462694907407,<1 day,$100k-$250k,0.5,0.3266563944530046
kalshi,KXMVESPORTSMULTIGAMEEXTENDED-S2026E8948312303-B6D21EDA6B2,"yes Cade Cunningham: 1+,yes Duncan Robinson: 2+,yes Tobias Harris: 1+,yes Desmond Bane: 1+,yes Franz Wagner: 1+,yes Jalen Suggs: 1+,yes Paolo Banchero: 1+,yes Chet Holmgren: 1+,yes Jalen Williams: 1+,yes Shai Gilgeous-Alexander: 1+,yes Devin Booker: 1+,yes Donovan Mitchell: 1+,yes James Harden: 1+,yes CJ McCollum: 1+,yes Jalen Johnson: 1+,yes Nickeil Alexander-Walker: 1+,yes Jalen Brunson: 1+,yes OG Anunoby: 1+,yes Alperen Sengun: 4+,yes Reed Sheppard: 2+,yes LeBron James: 6+,yes Jalen Suggs: 2+,yes Paolo Banchero: 4+,yes Cade Cunningham: 25+,yes Duncan Robinson: 10+,yes Desmond Bane: 15+,yes Franz Wagner: 10+,yes Jalen Suggs: 10+,yes Chet Holmgren: 15+,yes Jalen Williams: 15+,yes Devin Booker: 20+,yes Jalen Green: 15+,yes Ausar Thompson: 2+,yes Cade Cunningham: 4+,yes Franz Wagner: 2+,yes Paolo Banchero: 6+,yes Wendell Carter Jr.: 4+,yes Chet Holmgren: 6+,yes Isaiah Hartenstein: 4+,yes Jalen Williams: 2+,yes Dillon Brooks: 2+",sports,2026-04-21 13:16:25.318660+00:00,2026-04-23 03:05:40+00:00,NO,0.045,snapshot_fallback,4177524.0,0,0.002025,0.046043938501406846,1.5758643673611112,1-7 days,$1m-$5m,0.5,0.3266563944530046
kalshi,KXMVESPORTSMULTIGAMEEXTENDED-S2026C83C499E233-8792DC8240D,"yes Houston wins by over 4.5 points,yes Boston wins by over 15.5 points,yes San Antonio wins by over 10.5 points,yes Over 208.5 points scored,yes Over 216.5 points scored,yes Over 219.5 points scored",sports,2026-04-21 12:14:05.081229+00:00,2026-04-22 02:39:24+00:00,NO,0.021,snapshot_fallback,131930.0,0,0.00044100000000000004,0.021223636451626688,0.6009134117013889,<1 day,$100k-$250k,0.5,0.3266563944530046
kalshi,KXMVESPORTSMULTIGAMEEXTENDED-S2026622831190D9-05553363B40,"yes Denver,yes New York",sports,2026-04-21 11:35:04.655857+00:00,2026-04-26 03:49:42+00:00,NO,0.035,snapshot_fallback,247924.0,0,0.0012250000000000002,0.03562717764315116,4.676821112766204,1-7 days,$100k-$250k,0.5,0.3266563944530046
kalshi,KXMVESPORTSMULTIGAMEEXTENDED-S2026C7150D809B7-AB6F91AD5DD,"yes Cleveland,yes Minnesota,yes Atlanta",sports,2026-04-21 08:42:04.220589+00:00,2026-04-24 03:33:51+00:00,NO,0.037,snapshot_fallback,149006.0,0,0.0013689999999999998,0.03770186718401153,2.7859580950347222,1-7 days,$100k-$250k,0.5,0.3266563944530046
kalshi,KXMVESPORTSMULTIGAMEEXTENDED-S2026C7150D809B7-6A3F91CE757,"yes Toronto,yes Denver,yes New York",sports,2026-04-21 07:28:27.220927+00:00,2026-04-24 02:37:36+00:00,NO,0.078,snapshot_fallback,116194.0,0,0.006084,0.08121005542554317,2.7980182763078707,1-7 days,$100k-$250k,0.5,0.3266563944530046
kalshi,KXNBAGAME-26APR27OKCPHX-PHX,Game 4: Oklahoma City at Phoenix Winner?,sports,,2026-04-28 04:18:21+00:00,NO,0.19,snapshot_fallback,11182108.89,0,0.0361,0.21072103131565253,,unknown,$5m+,0.5,0.3266563944530046
kalshi,KXNBAGAME-26APR27OKCPHX-OKC,Game 4: Oklahoma City at Phoenix Winner?,sports,,2026-04-28 04:18:21+00:00,YES,0.82,snapshot_fallback,8108257.83,1,0.03240000000000002,0.19845093872383832,,unknown,$5m+,0.5,0.3266563944530046
kalshi,KXNBAGAME-26APR27MINDEN-MIN,Game 5: Minnesota at Denver Winner?,sports,,2026-04-28 05:22:43+00:00,NO,0.2,snapshot_fallback,20545661.15,0,0.04000000000000001,0.2231435513142097,,unknown,$5m+,0.5,0.3266563944530046
kalshi,KXNBAGAME-26APR27MINDEN-DEN,Game 5: Minnesota at Denver Winner?,sports,,2026-04-28 05:22:43+00:00,YES,0.81,snapshot_fallback,6543880.78,1,0.03609999999999998,0.21072103131565253,,unknown,$5m+,0.5,0.3266563944530046
kalshi,KXNBAGAME-26APR27DETORL-ORL,Game 4: Detroit at Orlando Winner?,sports,,2026-04-28 02:58:12+00:00,YES,0.41,snapshot_fallback,16645499.29,1,0.3481000000000001,0.8915981192837836,,unknown,$5m+,0.5,0.3266563944530046
kalshi,KXNBAGAME-26APR27DETORL-DET,Game 4: Detroit at Orlando Winner?,sports,,2026-04-28 02:58:12+00:00,NO,0.59,snapshot_fallback,17435745.96,0,0.34809999999999997,0.8915981192837835,,unknown,$5m+,0.5,0.3266563944530046
kalshi,KXNBA2HWINNER-26APR23DENMIN-MIN,Denver vs Minnesota: Second Half Winner?,sports,,2026-04-24 04:11:34+00:00,NO,0.03,snapshot_fallback,105506.37,0,0.0009,0.030459207484708574,,unknown,$100k-$250k,0.5,0.3266563944530046
kalshi,KXMVESPORTSMULTIGAMEEXTENDED-S2026C7150D809B7-6543EDC3266,"yes Toronto,yes Minnesota,yes Atlanta",sports,2026-04-21 05:32:43.410612+00:00,2026-04-24 04:17:04+00:00,YES,0.961,snapshot_fallback,169914.0,1,0.0015210000000000026,0.0397808700118446,2.947460525324074,1-7 days,$100k-$250k,0.5,0.3266563944530046
kalshi,KXNFLDRAFTCAT-26QBR1-2,Will there be 2+ quarterbacks drafted 1st Round?,sports,,2026-04-24 01:27:47+00:00,YES,0.64,snapshot_fallback,213696.36,1,0.1296,0.4462871026284195,,unknown,$100k-$250k,0.5,0.3266563944530046
kalshi,KXMVESPORTSMULTIGAMEEXTENDED-S2026A640C694309-3A1D57D13C3,"yes Philadelphia,yes Portland,yes Phoenix",sports,2026-04-20 20:36:48.056306+00:00,2026-04-23 05:13:13+00:00,NO,0.044,snapshot_fallback,219070.0,0,0.0019359999999999998,0.044997365930735805,2.35862203349537,1-7 days,$100k-$250k,0.5,0.3266563944530046
kalshi,KXMLBSPREAD-26APR211910MINNYM-NYM2,New York M wins by over 1.5 runs?,sports,,2026-04-22 02:00:57+00:00,NO,0.02,snapshot_fallback,218879.98,0,0.0004,0.020202707317519466,,unknown,$100k-$250k,0.5,0.3266563944530046
kalshi,KXMVESPORTSMULTIGAMEEXTENDED-S202683D12E744BC-81456EBE2B7,"yes Shohei Ohtani: 1+,yes Mike Trout: 1+,yes Vladimir Guerrero Jr.: 1+,yes New York",sports,2026-04-20 13:12:17.830445+00:00,2026-04-21 04:00:10+00:00,NO,0.02,snapshot_fallback,153921.0,0,0.0004,0.020202707317519466,0.6165760365162037,<1 day,$100k-$250k,0.5,0.3266563944530046
kalshi,KXMVESPORTSMULTIGAMEEXTENDED-S2026163F05046A1-D19CE3520AF,"yes Los Angeles L,yes Philadelphia,yes San Antonio",sports,2026-04-20 09:16:07.639932+00:00,2026-04-22 04:21:00+00:00,NO,0.027,snapshot_fallback,119458.0,0,0.0007289999999999999,0.027371196796132015,1.7950504637500002,1-7 days,$100k-$250k,0.5,0.3266563944530046
kalshi,KXMVESPORTSMULTIGAMEEXTENDED-S2026F2ED22E03BA-7AF494F787B,"yes Boston,yes Los Angeles L",sports,2026-04-20 09:10:04.050573+00:00,2026-04-25 04:21:49+00:00,YES,0.961,snapshot_fallback,185916.0,1,0.0015210000000000026,0.0397808700118446,4.799825803553241,1-7 days,$100k-$250k,0.5,0.3266563944530046
kalshi,KXMVESPORTSMULTIGAMEEXTENDED-S202658E418BB4AA-0440497821F,"yes Los Angeles L,yes San Antonio",sports,2026-04-20 07:05:09.088579+00:00,2026-04-25 05:49:11+00:00,YES,0.96,snapshot_fallback,188699.0,1,0.001600000000000003,0.040821994520255166,4.947244345150463,1-7 days,$100k-$250k,0.5,0.3266563944530046
kalshi,KXMVESPORTSMULTIGAMEEXTENDED-S2026043B6EA826C-15A9856E130,"yes Los Angeles L,yes Philadelphia,yes Portland,yes Orlando",sports,2026-04-20 06:10:52.822163+00:00,2026-04-23 02:16:33+00:00,NO,0.261,snapshot_fallback,105342.0,0,0.068121,0.3024573580339353,2.83727057681713,1-7 days,$100k-$250k,0.5,0.3266563944530046
kalshi,KXMVESPORTSMULTIGAMEEXTENDED-S2026F7D5D359C60-FF15EE577E8,"yes Arsenal,yes Aston Villa,yes Liverpool,yes West Ham,yes Tottenham",sports,2026-04-20 04:50:37.129502+00:00,2026-04-25 13:38:38+00:00,NO,0.032,snapshot_fallback,128758.0,0,0.001024,0.03252319170556006,5.366676741875,1-7 days,$100k-$250k,0.5,0.3266563944530046
kalshi,KXMVESPORTSMULTIGAMEEXTENDED-S2026163F05046A1-C1D718AA476,"yes Houston,yes Philadelphia,yes Portland",sports,2026-04-20 04:13:42.468920+00:00,2026-04-22 06:45:04+00:00,NO,0.073,snapshot_fallback,109913.0,0,0.0053289999999999995,0.07580171341628185,2.105110313425926,1-7 days,$100k-$250k,0.5,0.3266563944530046
kalshi,KXMVESPORTSMULTIGAMEEXTENDED-S2026A640C694309-1B5B2B22F64,"yes Boston,yes San Antonio,yes Oklahoma City",sports,2026-04-20 04:09:15.933608+00:00,2026-04-22 02:21:52+00:00,NO,0.262,snapshot_fallback,126252.0,0,0.06864400000000001,0.30381145438166457,1.9254174350925928,1-7 days,$100k-$250k,0.5,0.3266563944530046
kalshi,KXMVESPORTSMULTIGAMEEXTENDED-S2026C9CD61DE2A4-A7A42FFFC09,"yes Boston,yes Houston,yes Cincinnati,yes Miami,yes Atlanta,yes Baltimore,yes Chicago C,yes Over 212.5 points scored,yes Over 215.5 points scored,yes Over 208.5 points scored,yes Over 210.5 points scored",sports,2026-04-20 03:45:39.541333+00:00,2026-04-22 02:39:06+00:00,NO,0.68,snapshot_fallback,1215633.0,0,0.4624000000000001,1.139434283188365,1.9537784567939815,1-7 days,$1m-$5m,0.5,0.3266563944530046
kalshi,KXMVESPORTSMULTIGAMEEXTENDED-S2026C572AA872E1-E88001602E3,"yes Cleveland,yes New York",sports,2026-04-20 01:19:04.081784+00:00,2026-04-24 03:07:21+00:00,NO,0.214,snapshot_fallback,225832.0,0,0.045795999999999996,0.24079848655293046,4.075195812685186,1-7 days,$100k-$250k,0.5,0.3266563944530046
kalshi,KXMVESPORTSMULTIGAMEEXTENDED-S202604358481396-4A6E6B9D2FE,"yes Cleveland,yes Minnesota",sports,2026-04-20 00:40:10.996618+00:00,2026-04-24 03:46:21+00:00,NO,0.043,snapshot_fallback,167769.0,0,0.0018489999999999997,0.04395188752918283,4.129282446550926,1-7 days,$100k-$250k,0.5,0.3266563944530046
kalshi,KXMVESPORTSMULTIGAMEEXTENDED-S2026163F05046A1-BDAA8053A2B,"yes Los Angeles L,yes Boston,yes San Antonio",sports,2026-04-19 23:48:57.432090+00:00,2026-04-22 03:15:13+00:00,NO,0.06,snapshot_fallback,174212.0,0,0.0036,0.06187540371808753,2.143235739699074,1-7 days,$100k-$250k,0.5,0.3266563944530046
kalshi,KXMVESPORTSMULTIGAMEEXTENDED-S2026BE270F11C41-EF883043E90,"yes Denver,yes New York",sports,2026-04-19 22:40:05.347269+00:00,2026-04-24 02:38:43+00:00,NO,0.186,snapshot_fallback,172169.0,0,0.034596,0.20579491297959668,4.165713573275463,1-7 days,$100k-$250k,0.5,0.3266563944530046
kalshi,KXMLBSPREAD-26APR202140ATHSEA-SEA2,Seattle wins by over 1.5 runs?,sports,,2026-04-21 04:30:56+00:00,NO,0.02,snapshot_fallback,217684.6,0,0.0004,0.020202707317519466,,unknown,$100k-$250k,0.5,0.3266563944530046
kalshi,KXMVESPORTSMULTIGAMEEXTENDED-S202636DC0CFBCC7-42A60A25416,"yes Philadelphia,yes Portland",sports,2026-04-19 21:29:05.463240+00:00,2026-04-22 04:38:02+00:00,YES,0.98,snapshot_fallback,338433.0,1,0.0004000000000000007,0.020202707317519466,2.29787658287037,1-7 days,$250k-$1m,0.5,0.3266563944530046
kalshi,KXMLBRFI-26APR221507TORLAA,Toronto vs Los Angeles A First Inning Run?,sports,,2026-04-22 19:24:55+00:00,NO,0.04,snapshot_fallback,120086.95,0,0.0016,0.040821994520255166,,unknown,$100k-$250k,0.5,0.3266563944530046
kalshi,KXMVESPORTSMULTIGAMEEXTENDED-S202640283264FEE-27EECE15A88,"yes Duncan Robinson: 2+,yes Payton Pritchard: 2+,yes Cade Cunningham: 10+,yes Shai Gilgeous-Alexander: 6+,yes Stephon Castle: 4+,yes Jaylen Brown: 20+,yes Payton Pritchard: 10+,yes VJ Edgecombe: 10+,yes Chet Holmgren: 10+,yes Jalen Green: 15+,yes Stephon Castle: 10+,yes Tobias Harris: 4+,yes Paolo Banchero: 6+,yes Jayson Tatum: 6+,yes Chet Holmgren: 6+,yes Isaiah Hartenstein: 6+,yes Dillon Brooks: 2+,yes Donovan Clingan: 10+,yes Victor Wembanyama: 10+,yes Detroit wins by over 3.5 points,yes Boston wins by over 4.5 points,yes Oklahoma City wins by over 9.5 points,yes San Antonio wins by over 8.5 points",sports,2026-04-19 11:28:29.717003+00:00,2026-04-20 02:28:19+00:00,NO,0.25,snapshot_fallback,394760.0,0,0.0625,0.2876820724517809,0.624875960613426,<1 day,$250k-$1m,0.5,0.3266563944530046
kalshi,KXMVESPORTSMULTIGAMEEXTENDED-S20263BC69B5F912-9A6C2E1D811,"yes New York,yes Denver,yes Cleveland",sports,2026-04-19 01:11:06.987465+00:00,2026-04-21 03:52:25+00:00,NO,0.085,snapshot_fallback,409800.0,0,0.007225000000000001,0.0888312137066157,2.112014033969907,1-7 days,$250k-$1m,0.5,0.3266563944530046
kalshi,KXMVESPORTSMULTIGAMEEXTENDED-S20268CD8E193D65-1DA9F63C21B,"yes New York,yes Cleveland",sports,2026-04-19 01:10:59.381034+00:00,2026-04-21 04:05:00+00:00,NO,0.091,snapshot_fallback,135025.0,0,0.008281,0.09541018480465818,2.120840497291667,1-7 days,$100k-$250k,0.5,0.3266563944530046
kalshi,KXNBATOTAL-26APR20ATLNYK-224,Game 2: Atlanta at New York: Spread,sports,,2026-04-21 03:01:44+00:00,NO,0.32,snapshot_fallback,419560.84,0,0.1024,0.3856624808119848,,unknown,$250k-$1m,0.5,0.3266563944530046
kalshi,KXMLBSPREAD-26APR191605CWSATH-ATH2,A's wins by over 1.5 runs?,sports,,2026-04-19 23:04:41+00:00,NO,0.03,snapshot_fallback,145328.97,0,0.0009,0.030459207484708574,,unknown,$100k-$250k,0.5,0.3266563944530046
kalshi,KXMVECROSSCATEGORY-S2026D58D6DBB6F1-A85ACCCFC7F,"yes Detroit,yes Boston,yes Oklahoma City,yes San Antonio",sports,2026-04-18 21:00:31.336368+00:00,2026-04-20 01:22:26+00:00,NO,0.104,snapshot_fallback,858772.0,0,0.010816,0.10981486600720657,1.181882680925926,1-7 days,$250k-$1m,0.5,0.3266563944530046
kalshi,KXMVESPORTSMULTIGAMEEXTENDED-S20265FCD2C1D6D6-234CBE0A3D9,"yes Boston,yes Oklahoma City,yes San Antonio",sports,2026-04-18 20:59:22.265390+00:00,2026-04-20 04:43:59+00:00,YES,0.975,snapshot_fallback,148820.0,1,0.0006250000000000011,0.025317807984289897,1.3226473913194445,1-7 days,$100k-$250k,0.5,0.3266563944530046
kalshi,KXNBATOTAL-26APR19ORLDET-227,Game 1: Orlando at Detroit: Spread,sports,,2026-04-20 01:20:19+00:00,NO,0.08,snapshot_fallback,182335.15,0,0.0064,0.08338160893905101,,unknown,$100k-$250k,0.5,0.3266563944530046
kalshi,KXMVESPORTSMULTIGAMEEXTENDED-S202679ED20CB4D6-3DF45FC07BE,"yes Kevin Durant: 3+,yes LeBron James: 3+,yes Amen Thompson: 6+,yes Marcus Smart: 1+",sports,2026-04-18 19:41:50.198740+00:00,2026-04-19 04:43:09+00:00,NO,0.092,snapshot_fallback,130576.0,0,0.008464,0.09651090038084373,0.3759120516203704,<1 day,$100k-$250k,0.5,0.3266563944530046
kalshi,KXMVESPORTSMULTIGAMEEXTENDED-S2026FA4A5F1BD38-37E9484771D,"yes EDM Oilers,yes DAL Stars",sports,2026-04-18 14:25:25.138918+00:00,2026-04-23 05:04:06+00:00,NO,0.024,snapshot_fallback,142597.0,0,0.000576,0.024292692569044587,4.610195151412038,1-7 days,$100k-$250k,0.5,0.3266563944530046
kalshi,KXMVESPORTSMULTIGAMEEXTENDED-S20260B8E90AA290-9D9F80DD8F3,"yes Atlanta,yes Houston,yes Minnesota,yes Cleveland",sports,2026-04-18 04:19:57.047395+00:00,2026-04-18 22:24:33+00:00,NO,0.054,snapshot_fallback,119018.0,0,0.0029159999999999998,0.05551270993025883,0.7531938958912037,<1 day,$100k-$250k,0.5,0.3266563944530046
kalshi,KXMLBSPREAD-26APR181410CINMIN-MIN2,Minnesota wins by over 1.5 runs?,sports,,2026-04-18 21:15:11+00:00,NO,0.02,snapshot_fallback,224643.34,0,0.0004,0.020202707317519466,,unknown,$100k-$250k,0.5,0.3266563944530046
kalshi,KXVALORANTGAME-26APR211600ADGQOR-QOR,Will QoR win the Azure Dragon Gaming vs. QoR Valorant match?,sports,,2026-04-21 23:03:11+00:00,YES,0.97,snapshot_fallback,119746.15,1,0.0009000000000000016,0.030459207484708574,,unknown,$100k-$250k,0.5,0.3266563944530046
kalshi,KXMLBSPREAD-26APR181915TEXSEA-SEA2,Seattle wins by over 1.5 runs?,sports,,2026-04-19 02:34:44+00:00,YES,0.94,snapshot_fallback,116997.82,1,0.0036000000000000064,0.06187540371808753,,unknown,$100k-$250k,0.5,0.3266563944530046
kalshi,KXNHLSERIES-26LACOLR1-LA,Los Angeles Kings vs Colorado Avalanche 2026 1st Round series winner?,sports,,2026-04-26 23:33:43+00:00,NO,0.02,snapshot_fallback,110753.69,0,0.0004,0.020202707317519466,,unknown,$100k-$250k,0.5,0.3266563944530046
kalshi,KXNHLSERIES-26LACOLR1-COL,Los Angeles Kings vs Colorado Avalanche 2026 1st Round series winner?,sports,,2026-04-26 23:33:43+00:00,YES,0.98,snapshot_fallback,257733.07,1,0.0004000000000000007,0.020202707317519466,,unknown,$250k-$1m,0.5,0.3266563944530046
kalshi,KXMLBRFI-26APR201110DETBOS,Detroit vs Boston First Inning Run?,sports,,2026-04-20 15:34:47+00:00,NO,0.05,snapshot_fallback,182542.56,0,0.0025000000000000005,0.05129329438755058,,unknown,$100k-$250k,0.5,0.3266563944530046
kalshi,KXMVESPORTSMULTIGAMEEXTENDED-S20268B6B21A5C78-F63CE4E82B8,"yes New York,yes Denver,yes Cleveland",sports,2026-04-17 00:37:55.148557+00:00,2026-04-19 01:29:43+00:00,YES,0.961,snapshot_fallback,110647.0,1,0.0015210000000000026,0.0397808700118446,2.0359705028125,1-7 days,$100k-$250k,0.5,0.3266563944530046
kalshi,KXMLBSPREAD-26APR171810BALCLE-CLE2,Cleveland wins by over 1.5 runs?,sports,,2026-04-18 01:25:05+00:00,NO,0.18,snapshot_fallback,256836.45,0,0.0324,0.19845093872383818,,unknown,$250k-$1m,0.5,0.3266563944530046
kalshi,KXMVESPORTSMULTIGAMEEXTENDED-S2026FEEF8AE4362-A981D05CADA,"yes Kon Knueppel: 15+,yes LaMelo Ball: 20+,yes Miles Bridges: 15+,yes Jalen Suggs: 15+,yes Paolo Banchero: 15+,yes Dillon Brooks: 10+,yes Jalen Green: 15+,yes Paolo Banchero: 6+",sports,2026-04-16 18:47:49.193068+00:00,2026-04-18 04:19:53+00:00,NO,0.034,snapshot_fallback,151226.53,0,0.0011560000000000001,0.03459144476961909,1.3972662839351853,1-7 days,$100k-$250k,0.5,0.3266563944530046
kalshi,KXMVESPORTSMULTIGAMEEXTENDED-S20261C052AB5015-B8FC1F31253,"yes Los Angeles D,yes Phoenix",sports,2026-04-16 15:46:55.085229+00:00,2026-04-18 05:50:58+00:00,YES,0.642,snapshot_fallback,107491.0,1,0.128164,0.44316697529217586,1.5861448468865742,1-7 days,$100k-$250k,0.5,0.3266563944530046
kalshi,KXMVESPORTSMULTIGAMEEXTENDED-S20265E85A3D0438-926EF2486DF,"yes Stephen Curry: 4+,yes LaMelo Ball: 6+,yes Charlotte,yes Brandon Miller: 15+,yes Desmond Bane: 15+,yes Kristaps Porziņģis: 20+,yes Stephen Curry: 25+,yes Devin Booker: 20+,yes Dillon Brooks: 15+,yes Mark Williams: 4+,yes Over 206.5 points scored",sports,2026-04-16 09:06:04.462799+00:00,2026-04-18 03:34:26+00:00,NO,0.3,snapshot_fallback,902363.27,0,0.09,0.35667494393873245,1.7696937176041667,1-7 days,$250k-$1m,0.5,0.3266563944530046
kalshi,KXMVESPORTSMULTIGAMEEXTENDED-S202603A4EDB0160-1935234D91A,"yes Charlotte,yes Golden State",sports,2026-04-16 07:10:35.332048+00:00,2026-04-18 03:39:55+00:00,NO,0.26,snapshot_fallback,850284.59,0,0.06760000000000001,0.3011050927839216,1.8536998605555555,1-7 days,$250k-$1m,0.5,0.3266563944530046
kalshi,KXMVESPORTSMULTIGAMEEXTENDED-S2026728F8EC3DF7-CDA923ACA2A,"yes Pittsburgh,yes Cincinnati,yes Detroit,yes Cleveland",sports,2026-04-16 04:45:05.571249+00:00,2026-04-16 19:23:28+00:00,NO,0.072,snapshot_fallback,220751.0,0,0.005183999999999999,0.07472354619593642,0.6099818142476852,<1 day,$100k-$250k,0.5,0.3266563944530046
kalshi,KXMVESPORTSMULTIGAMEEXTENDED-S2026AF921DC724E-B1DDCB27D7C,"yes Houston,yes San Diego",sports,2026-04-15 23:02:31.370393+00:00,2026-04-17 04:26:24+00:00,NO,0.285,snapshot_fallback,175306.0,0,0.08122499999999999,0.3354727362881293,1.224914694525463,1-7 days,$100k-$250k,0.5,0.3266563944530046
kalshi,KXMLBRFI-26APR181605TBPIT,Tampa Bay vs Pittsburgh First Inning Run?,sports,,2026-04-18 19:50:35+00:00,YES,0.98,snapshot_fallback,770281.76,1,0.0004000000000000007,0.020202707317519466,,unknown,$250k-$1m,0.5,0.3266563944530046
kalshi,KXMLBSPREAD-26APR161240SFCIN-CIN2,Cincinnati wins by over 1.5 runs?,sports,,2026-04-16 19:14:55+00:00,NO,0.02,snapshot_fallback,232046.24,0,0.0004,0.020202707317519466,,unknown,$100k-$250k,0.5,0.3266563944530046
kalshi,KXMVESPORTSMULTIGAMEEXTENDED-S202697147E0CD26-E2A746C31A7,"no San Francisco wins by over 1.5 runs,yes Pittsburgh wins by over 1.5 runs,yes Atlanta wins by over 1.5 runs,no Seattle wins by over 1.5 runs,yes Los Angeles D wins by over 1.5 runs,yes Stephen Curry: 2+,yes Tyrese Maxey: 1+,yes Tyrese Maxey: 2+,yes Bennedict Mathurin: 10+,yes Over 220.5 points scored,yes Over 223.5 points scored,no Dallas wins by over 1.5 goals",sports,2026-04-15 06:19:57.994481+00:00,2026-04-16 02:45:03+00:00,NO,0.284,snapshot_fallback,941367.0,0,0.08065599999999999,0.3340751120214915,0.8507523786921296,<1 day,$250k-$1m,0.5,0.3266563944530046
kalshi,KXMVESPORTSMULTIGAMEEXTENDED-S20269CED96ABD9B-216CF862E06,"yes DAL Stars,yes DET Red Wings,yes TB Lightning,yes VGK Golden Knights,yes SJ Sharks,yes OTT Senators",sports,2026-04-15 00:24:16.624541+00:00,2026-04-16 02:03:38+00:00,NO,0.627,snapshot_fallback,212353.0,0,0.393129,0.9861768593383216,1.0689974011458334,1-7 days,$100k-$250k,0.5,0.3266563944530046
kalshi,KXMVESPORTSMULTIGAMEEXTENDED-S2026395B2B78E9D-CD5547F2BF1,"yes Los Angeles D,yes Los Angeles C",sports,2026-04-14 12:31:53.569749+00:00,2026-04-16 04:53:36+00:00,NO,0.027,snapshot_fallback,123372.0,0,0.0007289999999999999,0.027371196796132015,1.6817410908680557,1-7 days,$100k-$250k,0.5,0.3266563944530046
kalshi,KXMVESPORTSMULTIGAMEEXTENDED-S20260C74E68527A-44EE67CC709,"yes New York Y,yes Cleveland,yes Los Angeles D,yes Phoenix,yes Over 227.5 points scored,yes COL Avalanche,yes BOS Bruins,yes UTA Mammoth",sports,2026-04-14 12:06:28.900989+00:00,2026-04-15 02:14:26+00:00,NO,0.12,snapshot_fallback,476593.0,0,0.0144,0.12783337150988489,0.5888553126273148,<1 day,$250k-$1m,0.5,0.3266563944530046
kalshi,KXMVESPORTSMULTIGAMEEXTENDED-S2026F9296523C98-EBBDA3F942F,"yes Atlanta,yes Los Angeles L",sports,2026-04-14 09:36:24.800754+00:00,2026-04-19 01:23:19+00:00,NO,0.057,snapshot_fallback,100019.0,0,0.003249,0.05868899634867961,4.657571750532407,1-7 days,$100k-$250k,0.5,0.3266563944530046
kalshi,KXMVESPORTSMULTIGAMEEXTENDED-S2026B3C1F572280-6ACDAE0D6FB,"yes Over 6.5 runs scored,yes Over 6.5 runs scored,yes Over 5.5 runs scored,yes Over 6.5 runs scored,yes Over 7.5 runs scored,yes Over 7.5 runs scored,yes Over 6.5 runs scored,yes Over 6.5 runs scored,yes Over 6.5 runs scored,yes Over 4.5 runs scored,yes Over 4.5 runs scored,yes Over 4.5 runs scored,yes Over 4.5 runs scored,yes Over 5.5 runs scored",sports,2026-04-14 04:58:27.971076+00:00,2026-04-15 01:08:32+00:00,NO,0.419,snapshot_fallback,597898.0,0,0.175561,0.5430045221302259,0.8403244088425925,<1 day,$250k-$1m,0.5,0.3266563944530046
kalshi,KXMVESPORTSMULTIGAMEEXTENDED-S202647F746D3F8A-A44EFB6E3FE,"yes Bilbao,yes Girona,yes Mallorca,yes Real Madrid",sports,2026-04-14 02:13:54.218590+00:00,2026-04-21 19:15:45+00:00,NO,0.08,snapshot_fallback,344888.77,0,0.0064,0.08338160893905101,7.709615525578704,7-30 days,$250k-$1m,0.5,0.3266563944530046
kalshi,KXMVESPORTSMULTIGAMEEXTENDED-S202629FED22559A-64581AF0D96,"yes Golden State,yes Orlando",sports,2026-04-13 16:16:41.635532+00:00,2026-04-16 02:20:45+00:00,NO,0.18,snapshot_fallback,203253.0,0,0.0324,0.19845093872383818,2.4194833850462967,1-7 days,$100k-$250k,0.5,0.3266563944530046
kalshi,KXMVESPORTSMULTIGAMEEXTENDED-S202629FED22559A-35CCE0B1D7B,"yes Golden State,yes Philadelphia",sports,2026-04-13 16:13:26.507627+00:00,2026-04-16 04:53:48+00:00,YES,0.961,snapshot_fallback,221592.0,1,0.0015210000000000026,0.0397808700118446,2.5280265320949074,1-7 days,$100k-$250k,0.5,0.3266563944530046
kalshi,KXMVESPORTSMULTIGAMEEXTENDED-S2026636AD31D221-23EF643627B,"yes Charlotte,yes Phoenix,yes Los Angeles C,yes Philadelphia",sports,2026-04-13 16:06:17.071700+00:00,2026-04-15 04:53:10+00:00,NO,0.336,snapshot_fallback,195081.0,0,0.11289600000000001,0.4094731295057033,1.5325570405092592,1-7 days,$100k-$250k,0.5,0.3266563944530046
kalshi,KXMVESPORTSMULTIGAMEEXTENDED-S202629FED22559A-5683AE7CFAE,"yes Los Angeles C,yes Philadelphia",sports,2026-04-13 16:06:06.347157+00:00,2026-04-16 04:53:48+00:00,NO,0.47,snapshot_fallback,248517.0,0,0.22089999999999999,0.6348782724359695,2.5331209819791667,1-7 days,$100k-$250k,0.5,0.3266563944530046
kalshi,KXMVESPORTSMULTIGAMEEXTENDED-S20269320ABEA3F4-8506F4A7BFE,"yes Davion Mitchell: 2+,yes Deni Avdija: 6+,yes Kon Knueppel: 15+,yes Davion Mitchell: 10+,yes Deni Avdija: 20+,yes Toumani Camara: 10+,yes Over 215.5 points scored,yes Over 207.5 points scored",sports,2026-04-13 11:02:56.054177+00:00,2026-04-15 02:58:05+00:00,NO,0.05,snapshot_fallback,224752.0,0,0.0025000000000000005,0.05129329438755058,1.6632979840625,1-7 days,$100k-$250k,0.5,0.3266563944530046
kalshi,KXMVESPORTSMULTIGAMEEXTENDED-S2026AD7C6D9FFA0-75F5F65FFF4,"yes Charlotte,yes Portland",sports,2026-04-13 07:05:48.399440+00:00,2026-04-15 04:54:06+00:00,YES,0.057,snapshot_fallback,112491.0,1,0.889249,2.864704011147587,1.9085370435185185,1-7 days,$100k-$250k,0.5,0.3266563944530046
kalshi,KXMVESPORTSMULTIGAMEEXTENDED-S20262843CC0D2A9-3DDCDDA3279,"yes Jose Altuve: 1+,yes Randy Arozarena: 1+,yes Corbin Carroll: 1+,yes Gunnar Henderson: 1+,yes Pete Crow-Armstrong: 1+,yes Bryce Harper: 1+,yes Oneil Cruz: 1+,yes Mike Trout: 1+,yes Cody Bellinger: 1+,yes Matt Olson: 1+,yes Ronald Acuña Jr.: 1+,yes Freddie Freeman: 1+,yes Shohei Ohtani: 1+,yes Teoscar Hernández: 1+",sports,2026-04-13 04:58:35.061650+00:00,2026-04-13 22:37:30+00:00,NO,0.05,snapshot_fallback,1715060.0,0,0.0025000000000000005,0.05129329438755058,0.7353580827546295,<1 day,$1m-$5m,0.5,0.3266563944530046
kalshi,KXMVECROSSCATEGORY-S2026BE447EFE8F8-A90F196326F,"yes BUF Sabres,yes CAR Hurricanes,yes COL Avalanche,yes DAL Stars,yes TB Lightning,yes LA Kings,yes FLA Panthers,yes NSH Predators,yes VGK Golden Knights",sports,2026-04-13 04:15:21.221124+00:00,2026-04-14 02:41:57+00:00,NO,0.304,snapshot_fallback,805592.0,0,0.092416,0.3624056186477175,0.9351363295833333,<1 day,$250k-$1m,0.5,0.3266563944530046
kalshi,KXMVESPORTSMULTIGAMEEXTENDED-S20267AE43E13E64-1CAF55345E1,"yes Seattle,yes Baltimore,yes Philadelphia,yes Pittsburgh,yes New York Y,yes Atlanta,yes Boston,yes Cleveland,yes Texas,yes Los Angeles D",sports,2026-04-13 01:37:57.829068+00:00,2026-04-14 02:23:05+00:00,NO,0.1,snapshot_fallback,3784208.0,0,0.010000000000000002,0.10536051565782628,1.0313329968981482,1-7 days,$1m-$5m,0.5,0.3266563944530046
kalshi,KXMVESPORTSMULTIGAMEEXTENDED-S20267E5B053C875-0DEA7F60447,"yes Philadelphia,yes A's,yes Tampa Bay,yes Boston,yes Pittsburgh",sports,2026-04-12 19:16:54.781776+00:00,2026-04-12 20:38:06+00:00,NO,0.373,snapshot_fallback,141243.0,0,0.139129,0.4668087383492164,0.05637984055555556,<1 day,$100k-$250k,0.5,0.3266563944530046
kalshi,KXMVESPORTSMULTIGAMEEXTENDED-S2026004FE4BAFED-000C5D461EA,"yes Miami,yes Toronto,yes Charlotte,yes Dallas,yes San Antonio,yes Detroit,yes Los Angeles C,yes Houston,yes Minnesota,yes Oklahoma City,yes Portland,yes Los Angeles L,yes Cleveland,yes Over 251.5 points scored,yes Over 238.5 points scored,yes Over 226.5 points scored,yes Over 248.5 points scored,yes Over 212.5 points scored,yes Over 225.5 points scored,yes Over 233.5 points scored",sports,2026-04-12 18:01:19.752700+00:00,2026-04-13 02:50:07+00:00,NO,0.567,snapshot_fallback,118747.0,0,0.32148899999999997,0.8370175509796471,0.36721351041666667,<1 day,$100k-$250k,0.5,0.3266563944530046
kalshi,KXMVESPORTSMULTIGAMEEXTENDED-S2026E70DD3070B7-DBBA9898EDE,"yes Aston Villa,yes Liverpool,yes Manchester City,yes Nottingham",sports,2026-04-12 17:38:32.266424+00:00,2026-04-19 18:22:50+00:00,YES,0.961,snapshot_fallback,228337.0,1,0.0015210000000000026,0.0397808700118446,7.030760805277778,7-30 days,$100k-$250k,0.5,0.3266563944530046
kalshi,KXMVESPORTSMULTIGAMEEXTENDED-S20268D0559C8E88-910249C550E,"yes Toronto,yes Charlotte,yes Dallas,yes San Antonio,yes Detroit,yes Los Angeles C,yes Houston,yes Philadelphia,yes Minnesota,yes Orlando,yes Phoenix,yes Los Angeles L,yes Cleveland,yes CBJ Blue Jackets,yes OTT Senators,yes WSH Capitals,yes UTA Mammoth,yes ANA Ducks",sports,2026-04-12 04:54:24.120607+00:00,2026-04-13 01:50:56+00:00,NO,0.024,snapshot_fallback,746313.0,0,0.000576,0.024292692569044587,0.8725911966782407,<1 day,$250k-$1m,0.5,0.3266563944530046
kalshi,KXUFCFIGHT-26APR18ALDHOR-HOR,"Will Jamey-Lyn Horth win the Aldrich vs Horth professional MMA fight scheduled for Apr 18, 2026?",sports,,2026-04-18 22:22:15+00:00,NO,0.02,snapshot_fallback,352224.82,0,0.0004,0.020202707317519466,,unknown,$250k-$1m,0.5,0.3266563944530046
kalshi,KXUFCFIGHT-26APR18ALDHOR-ALD,"Will Jj Aldrich win the Aldrich vs Horth professional MMA fight scheduled for Apr 18, 2026?",sports,,2026-04-18 22:22:15+00:00,YES,0.98,snapshot_fallback,382350.81,1,0.0004000000000000007,0.020202707317519466,,unknown,$250k-$1m,0.5,0.3266563944530046
kalshi,KXMVESPORTSMULTIGAMEEXTENDED-S2026F31D72C08BA-ACB9A14C405,"yes Miami,yes Toronto,yes Charlotte,yes Dallas,yes San Antonio,yes Detroit,yes Los Angeles C,yes Houston,yes Philadelphia,yes Minnesota,yes Orlando,yes Oklahoma City,yes Portland,yes Los Angeles L,yes Cleveland",sports,2026-04-11 21:20:43.812881+00:00,2026-04-13 01:51:10+00:00,NO,0.5,snapshot_fallback,263426.0,0,0.25,0.6931471805599453,1.1878030916550926,1-7 days,$250k-$1m,0.5,0.3266563944530046
kalshi,KXMVESPORTSMULTIGAMEEXTENDED-S2026477B289CA96-BF00F861402,"yes Toronto,yes Charlotte,yes Dallas,yes San Antonio,yes Detroit,yes Los Angeles C,yes Houston,yes Philadelphia,yes Minnesota,yes Orlando,yes Oklahoma City,yes Portland,yes Los Angeles L,yes Cleveland",sports,2026-04-11 19:17:44.458914+00:00,2026-04-13 01:53:22+00:00,NO,0.054,snapshot_fallback,252923.0,0,0.0029159999999999998,0.05551270993025883,1.2747400588657407,1-7 days,$250k-$1m,0.5,0.3266563944530046
kalshi,KXMVESPORTSMULTIGAMEEXTENDED-S202690B0860B2F2-D7B619FF9EF,"yes New York M,yes Kansas City,yes New York Y,no Over 7.5 runs scored,no Over 7.5 runs scored",sports,2026-04-11 15:59:47.054670+00:00,2026-04-11 23:33:55+00:00,NO,0.081,snapshot_fallback,100344.0,0,0.006561,0.08446915662644996,0.3153697376157407,<1 day,$100k-$250k,0.5,0.3266563944530046
kalshi,KXMVESPORTSMULTIGAMEEXTENDED-S2026F58770541DD-707571135C0,"yes Denver,yes Los Angeles C,yes Minnesota",sports,2026-04-11 11:14:40.167968+00:00,2026-04-13 03:23:16+00:00,YES,0.96,snapshot_fallback,106697.0,1,0.001600000000000003,0.040821994520255166,1.6726369448148148,1-7 days,$100k-$250k,0.5,0.3266563944530046
kalshi,KXNBATOTAL-26APR12SACPOR-243,Sacramento at Portland: Total Points,sports,,2026-04-13 03:07:33+00:00,NO,0.02,snapshot_fallback,122117.0,0,0.0004,0.020202707317519466,,unknown,$100k-$250k,0.5,0.3266563944530046
kalshi,KXMVESPORTSMULTIGAMEEXTENDED-S2026801A9E87051-64DDF6B17C3,"yes Denver,yes Golden State",sports,2026-04-11 07:29:35.586274+00:00,2026-04-13 03:15:48+00:00,NO,0.025,snapshot_fallback,105918.0,0,0.0006250000000000001,0.025317807984289897,1.8237547884953704,1-7 days,$100k-$250k,0.5,0.3266563944530046
kalshi,KXMVESPORTSMULTIGAMEEXTENDED-S2026280CF4637CA-1F2DA208B79,"yes Atlanta,yes Charlotte,yes San Antonio,yes Los Angeles C,yes Orlando,yes Oklahoma City",sports,2026-04-11 07:04:03.698963+00:00,2026-04-13 00:34:35+00:00,NO,0.102,snapshot_fallback,145392.0,0,0.010403999999999998,0.10758521067993743,1.7295289471875,1-7 days,$100k-$250k,0.5,0.3266563944530046
kalshi,KXMLBSPREAD-26APR111420PITCHC-CHC2,Chicago C wins by over 1.5 runs?,sports,,2026-04-11 22:10:30+00:00,NO,0.02,snapshot_fallback,137491.0,0,0.0004,0.020202707317519466,,unknown,$100k-$250k,0.5,0.3266563944530046
kalshi,KXMVESPORTSMULTIGAMEEXTENDED-S20269A9AA1F6AA0-D1A965058B0,"yes A's,yes Tampa Bay,yes Cleveland,no Over 8.5 runs scored",sports,2026-04-10 21:21:55.927662+00:00,2026-04-11 02:45:14+00:00,NO,0.058,snapshot_fallback,130116.0,0,0.0033640000000000002,0.05975000440577405,0.22451472613425927,<1 day,$100k-$250k,0.5,0.3266563944530046
kalshi,KXMVESPORTSMULTIGAMEEXTENDED-S2026BEE82B35A55-469E65F72A7,"no Baltimore wins by over 1.5 runs,no Over 13.5 runs scored",sports,2026-04-10 20:24:01.690108+00:00,2026-04-11 02:45:12+00:00,YES,0.598,snapshot_fallback,144179.0,1,0.16160400000000003,0.5141645250315053,0.264702660787037,<1 day,$100k-$250k,0.5,0.3266563944530046
kalshi,KXMVESPORTSMULTIGAMEEXTENDED-S2026B40BA90C3ED-45C56BE56EF,"yes Golden State,yes Los Angeles C,yes Minnesota,yes Phoenix",sports,2026-04-10 16:15:14.509858+00:00,2026-04-11 04:43:13+00:00,NO,0.077,snapshot_fallback,121824.0,0,0.005929,0.08012604447928486,0.5194269692361111,<1 day,$100k-$250k,0.5,0.3266563944530046
kalshi,KXMVESPORTSMULTIGAMEEXTENDED-S202638DF2861990-D4CCA4E21ED,"yes Shai Gilgeous-Alexander: 7+,yes Ayo Dosunmu: 20+,yes Shai Gilgeous-Alexander: 30+,yes Dillon Brooks: 20+,yes Nikola Jokić: 12+,yes Julius Randle: 6+,yes Dillon Brooks: 5+",sports,2026-04-27 16:04:05.596664+00:00,2026-04-28 04:55:41+00:00,NO,0.046,snapshot_fallback,242797.0,0,0.002116,0.04709160753385057,0.5358264275,<1 day,$100k-$250k,0.5,0.3266563944530046
kalshi,KXMVESPORTSMULTIGAMEEXTENDED-S2026FD64B8134E5-22C97555A6F,"no Over 233.5 points scored,yes Over 222.5 points scored,yes Over 221.5 points scored,yes Over 208.5 points scored,yes Over 215.5 points scored,no Over 231.5 points scored,no Over 241.5 points scored,no Over 261.5 points scored,yes Over 203.5 points scored,yes Over 215.5 points scored,yes Over 225.5 points scored,no Over 247.5 points scored,no Over 240.5 points scored,yes Over 213.5 points scored,yes Over 204.5 points scored",sports,2026-04-10 08:17:10.154354+00:00,2026-04-11 03:42:53+00:00,NO,0.228,snapshot_fallback,1818945.0,0,0.051984,0.25877072895736086,0.8095236764583333,<1 day,$1m-$5m,0.5,0.3266563944530046
kalshi,KXMVESPORTSMULTIGAMEEXTENDED-S2026FA482C45B08-14E8BBA4EC0,"yes Milwaukee,yes Atlanta,yes San Antonio,yes Charlotte,yes Golden State,yes Los Angeles C,yes Utah,yes Miami,yes Houston,yes Boston,yes Denver,yes Orlando,yes Philadelphia,yes Los Angeles L,yes New York",sports,2026-04-10 07:07:35.334933+00:00,2026-04-11 01:47:54+00:00,NO,0.028,snapshot_fallback,119807.0,0,0.0007840000000000001,0.028399474521698,0.7779938086458332,<1 day,$100k-$250k,0.5,0.3266563944530046
kalshi,KXMVESPORTSMULTIGAMEEXTENDED-S2026537AC9BC706-611443A2AC5,"yes Atlanta,yes San Antonio,yes Charlotte,yes Golden State,yes Portland,yes Utah,yes Miami,yes Houston,yes Boston,yes Orlando,yes New York",sports,2026-04-10 04:05:30.867200+00:00,2026-04-11 01:50:18+00:00,NO,0.242,snapshot_fallback,404670.0,0,0.058564,0.2770718933397654,0.9061010740740741,<1 day,$250k-$1m,0.5,0.3266563944530046
kalshi,KXMVESPORTSMULTIGAMEEXTENDED-S2026DFF26BBB8FB-15C2689B5D0,"no Over 10.5 runs scored,no Over 10.5 runs scored,no Over 10.5 runs scored,no Over 11.5 runs scored,no Over 11.5 runs scored,no Over 10.5 runs scored,no Over 10.5 runs scored,no Over 10.5 runs scored,no Over 10.5 runs scored,no Over 10.5 runs scored,no Over 10.5 runs scored,no Over 10.5 runs scored,no Over 11.5 runs scored",sports,2026-04-10 03:03:20.432300+00:00,2026-04-11 01:33:09+00:00,NO,0.025,snapshot_fallback,161448.0,0,0.0006250000000000001,0.025317807984289897,0.9373676817129629,<1 day,$100k-$250k,0.5,0.3266563944530046
kalshi,KXMVESPORTSMULTIGAMEEXTENDED-S20265C6C8F19D4B-843944DD6C2,"yes New York M,yes New York,yes Golden State,yes CBJ Blue Jackets,yes PHI Flyers",sports,2026-04-09 19:03:55.371880+00:00,2026-04-10 02:07:14+00:00,NO,0.057,snapshot_fallback,149382.0,0,0.003249,0.05868899634867961,0.2939656032407408,<1 day,$100k-$250k,0.5,0.3266563944530046
kalshi,KXMLBSPREAD-26APR101910ATHNYM-NYM2,New York M wins by over 1.5 runs?,sports,,2026-04-11 01:50:44+00:00,NO,0.03,snapshot_fallback,134083.0,0,0.0009,0.030459207484708574,,unknown,$100k-$250k,0.5,0.3266563944530046
kalshi,KXMVESPORTSMULTIGAMEEXTENDED-S2026D9BBB116A79-8610B785FE5,"yes New York Y,yes Minnesota,yes Arizona,yes Kansas City,yes San Diego",sports,2026-04-09 08:35:02.563066+00:00,2026-04-09 20:21:05+00:00,NO,0.068,snapshot_fallback,117228.0,0,0.0046240000000000005,0.07042246429654593,0.49030598303240736,<1 day,$100k-$250k,0.5,0.3266563944530046
kalshi,KXMVESPORTSMULTIGAMEEXTENDED-S2026B65103C7C04-27CDD1B1063,"yes New York,yes Chicago,yes Indiana,yes Los Angeles L,yes Toronto,yes Houston",sports,2026-04-09 04:12:42.284119+00:00,2026-04-10 04:41:16+00:00,YES,0.961,snapshot_fallback,156684.0,1,0.0015210000000000026,0.0397808700118446,1.019834674548611,1-7 days,$100k-$250k,0.5,0.3266563944530046
kalshi,KXMVESPORTSMULTIGAMEEXTENDED-S2026A19B4FFB576-5E2E2BADE85,"yes New York,yes Chicago,yes Indiana,yes Toronto,yes Houston",sports,2026-04-09 04:06:25.898239+00:00,2026-04-10 03:06:43+00:00,YES,0.95,snapshot_fallback,174810.0,1,0.0025000000000000044,0.05129329438755058,0.9585312703819444,<1 day,$100k-$250k,0.5,0.3266563944530046
kalshi,KXMVESPORTSMULTIGAMEEXTENDED-S2026B65103C7C04-3491A455960,"yes New York,yes Chicago,yes Indiana,yes Golden State,yes Toronto,yes Houston",sports,2026-04-09 04:05:28.978689+00:00,2026-04-10 04:41:16+00:00,NO,0.031,snapshot_fallback,1318960.0,0,0.0009609999999999999,0.03149066709137085,1.0248497836921298,1-7 days,$1m-$5m,0.5,0.3266563944530046
kalshi,KXMVESPORTSMULTIGAMEEXTENDED-S2026B65103C7C04-CC7B50A93F9,"yes Boston,yes Chicago,yes Indiana,yes Golden State,yes Toronto,yes Houston",sports,2026-04-09 04:04:43.587354+00:00,2026-04-10 02:06:15+00:00,NO,0.25,snapshot_fallback,162927.0,0,0.0625,0.2876820724517809,0.9177246834027778,<1 day,$100k-$250k,0.5,0.3266563944530046
kalshi,KXMVESPORTSMULTIGAMEEXTENDED-S2026A73E866BFF0-490B560D7CC,"yes New York M,yes Kansas City,yes San Diego",sports,2026-04-09 00:17:48.887677+00:00,2026-04-10 02:08:32+00:00,NO,0.026,snapshot_fallback,113712.0,0,0.000676,0.026343975339601977,1.0768878741087962,1-7 days,$100k-$250k,0.5,0.3266563944530046
kalshi,KXMVESPORTSMULTIGAMEEXTENDED-S2026F189BD03DCC-028F6B9C4F1,"yes Los Angeles D,yes Colorado,yes San Francisco,yes St. Louis,yes Atlanta,yes Arizona",sports,2026-04-08 20:14:04.693811+00:00,2026-04-08 22:10:13+00:00,NO,0.237,snapshot_fallback,156673.0,0,0.056169,0.27049724769768,0.08065169200231481,<1 day,$100k-$250k,0.5,0.3266563944530046
kalshi,KXMVESPORTSMULTIGAMEEXTENDED-S2026A06A45EBE8F-4A2DD2565BB,"yes Cleveland,yes Boston,yes Chicago WS,yes Sorana Cirstea",sports,2026-04-08 18:50:24.729811+00:00,2026-04-08 21:24:04+00:00,NO,0.585,snapshot_fallback,167729.0,0,0.34222499999999995,0.8794767587514387,0.1067045160763889,<1 day,$100k-$250k,0.5,0.3266563944530046
kalshi,KXMVECROSSCATEGORY-S2026F125B26F6B6-5F5C479E209,"yes Milwaukee,yes Baltimore,yes Los Angeles D,yes Miami,yes New York Y,yes New York M",sports,2026-04-08 13:09:45.227276+00:00,2026-04-08 20:24:51+00:00,NO,0.038,snapshot_fallback,100985.0,0,0.001444,0.038740828316430595,0.3021501472685185,<1 day,$100k-$250k,0.5,0.3266563944530046
kalshi,KXMVESPORTSMULTIGAMEEXTENDED-S20261B2E14BD170-A5EF4092244,"yes Memphis,yes Milwaukee",sports,2026-04-08 04:54:22.685179+00:00,2026-04-09 01:49:53+00:00,NO,0.12,snapshot_fallback,284918.0,0,0.0144,0.12783337150988489,0.8718786437615742,<1 day,$250k-$1m,0.5,0.3266563944530046
kalshi,KXMVESPORTSMULTIGAMEEXTENDED-S20262C6E970B269-FECE7A313F9,"yes Phoenix,yes Denver,yes Detroit,yes Orlando,yes Oklahoma City",sports,2026-04-08 04:09:40.094907+00:00,2026-04-09 04:46:49+00:00,YES,0.961,snapshot_fallback,104507.0,1,0.0015210000000000026,0.0397808700118446,1.0257975126504628,1-7 days,$100k-$250k,0.5,0.3266563944530046
kalshi,KXMVESPORTSMULTIGAMEEXTENDED-S20267F346173A80-17F9F79D05F,"yes Cleveland,yes Phoenix,yes Denver,yes Detroit,yes Orlando,yes Oklahoma City,yes San Antonio",sports,2026-04-08 04:05:17.386950+00:00,2026-04-09 04:46:01+00:00,YES,0.961,snapshot_fallback,383872.0,1,0.0015210000000000026,0.0397808700118446,1.028282558449074,1-7 days,$250k-$1m,0.5,0.3266563944530046
kalshi,KXHOCHULMENTION-26APR08-BUFF,What will Kathy Hochul say during next Governor Kathy Hochul announcement?,elections,,2026-04-08 18:47:47+00:00,YES,0.98,snapshot_fallback,107751.0,1,0.0004000000000000007,0.020202707317519466,,unknown,$100k-$250k,0.5,0.13953488372093023
kalshi,KXMVESPORTSMULTIGAMEEXTENDED-S20261E07FB0525A-0E9A61E5EF7,"yes Oklahoma City,yes San Antonio",sports,2026-04-08 01:37:14.509484+00:00,2026-04-09 04:39:45+00:00,YES,0.891,snapshot_fallback,140703.0,1,0.011880999999999997,0.11541085151132773,1.1267417883796298,1-7 days,$100k-$250k,0.5,0.3266563944530046
kalshi,KXFIGHTMENTION-26APR11BLAHOK-WHAT,What will the announcers say during Curtis Blaydes vs Josh Hokit UFC Fight?,sports,,2026-04-12 15:06:36+00:00,YES,0.94,snapshot_fallback,257326.11,1,0.0036000000000000064,0.06187540371808753,,unknown,$250k-$1m,0.5,0.3266563944530046
kalshi,KXNBATOTAL-26APR08PORSAS-227,Portland at San Antonio: Total Points,sports,,2026-04-09 04:13:33+00:00,NO,0.02,snapshot_fallback,269244.0,0,0.0004,0.020202707317519466,,unknown,$250k-$1m,0.5,0.3266563944530046
kalshi,KXNBATOTAL-26APR08ATLCLE-242,Atlanta at Cleveland: Total Points,sports,,2026-04-09 01:43:36+00:00,NO,0.08,snapshot_fallback,224251.0,0,0.0064,0.08338160893905101,,unknown,$100k-$250k,0.5,0.3266563944530046
kalshi,KXMLBSPREAD-26APR081940DETMIN-DET2,Detroit wins by over 1.5 runs?,sports,,2026-04-09 02:44:44+00:00,NO,0.06,snapshot_fallback,117646.0,0,0.0036,0.06187540371808753,,unknown,$100k-$250k,0.5,0.3266563944530046
kalshi,KXMVESPORTSMULTIGAMEEXTENDED-S20260B93ABFB78F-DA0B0DBE8BC,"yes Hoffenheim,yes West Ham,yes Real Madrid,yes Marseille,yes Monaco,yes Roma",sports,2026-04-07 21:18:45.918789+00:00,2026-04-10 19:10:07+00:00,NO,0.059,snapshot_fallback,129031.0,0,0.0034809999999999997,0.06081213939675736,2.910660662164352,1-7 days,$100k-$250k,0.5,0.3266563944530046
kalshi,KXMVESPORTSMULTIGAMEEXTENDED-S20265913A321D82-C288776DF73,"yes Dallas,yes Houston,yes Sacramento",sports,2026-04-07 07:02:26.609543+00:00,2026-04-08 04:44:49+00:00,NO,0.545,snapshot_fallback,101488.0,0,0.29702500000000004,0.7874578600311867,0.904425815474537,<1 day,$100k-$250k,0.5,0.3266563944530046
kalshi,KXMVESPORTSMULTIGAMEEXTENDED-S2026A9CA664E023-9E7B29E5E70,"yes Boston,yes Chicago,yes Los Angeles C,yes Houston,yes Toronto,yes Milwaukee,yes Minnesota,yes Oklahoma City,yes Golden State,yes New Orleans",sports,2026-04-07 04:07:23.753663+00:00,2026-04-08 02:38:30+00:00,NO,0.021,snapshot_fallback,1046620.0,0,0.00044100000000000004,0.021223636451626688,0.9382667400115742,<1 day,$1m-$5m,0.5,0.3266563944530046
kalshi,KXNBATOTAL-26APR07MILBKN-205,Milwaukee at Brooklyn: Total Points,sports,,2026-04-08 02:10:36+00:00,NO,0.05,snapshot_fallback,167953.0,0,0.0025000000000000005,0.05129329438755058,,unknown,$100k-$250k,0.5,0.3266563944530046
kalshi,KXMVESPORTSMULTIGAMEEXTENDED-S2026659AF075302-236E985EDFC,"yes Curtis Blaydes,yes Paulo Henrique Costa,yes Carlos Ulberg",sports,2026-04-07 03:37:34.969165+00:00,2026-04-12 03:04:39+00:00,NO,0.022,snapshot_fallback,102240.0,0,0.00048399999999999995,0.022245608947319737,4.9771299865162035,1-7 days,$100k-$250k,0.5,0.3266563944530046
kalshi,KXMLBSPREAD-26APR072145PHISF-PHI2,Philadelphia wins by over 1.5 runs?,sports,,2026-04-08 04:30:20+00:00,NO,0.02,snapshot_fallback,127144.0,0,0.0004,0.020202707317519466,,unknown,$100k-$250k,0.5,0.3266563944530046
kalshi,KXMVECROSSCATEGORY-S2026EAFA6DC7EFE-E553D6F12A3,"yes Ausar Thompson: 2+,yes Tobias Harris: 2+,yes Jalen Suggs: 4+,yes Paolo Banchero: 4+,yes Julius Randle: 4+,yes Devin Booker: 4+,yes Jalen Green: 2+,yes Derrick White: 2+,yes Payton Pritchard: 4+,yes Tobias Harris: 10+,yes Desmond Bane: 15+,yes Franz Wagner: 10+,yes Paolo Banchero: 15+,yes Cameron Johnson: 10+,yes Ayo Dosunmu: 15+,yes Chet Holmgren: 10+,yes Devin Booker: 20+,yes Jalen Green: 15+,yes Jayson Tatum: 15+,yes Payton Pritchard: 10+,yes Ausar Thompson: 4+,yes Cade Cunningham: 4+,yes Franz Wagner: 4+,yes Aaron Gordon: 2+,yes Cameron Johnson: 2+,yes Jaden McDaniels: 2+,yes Dillon Brooks: 2+,yes Jalen Green: 2+,yes Nikola Vučević: 4+,yes Payton Pritchard: 2+,yes Kelly Oubre Jr.: 2+,yes Paul George: 2+",sports,2026-04-27 04:55:56.889474+00:00,2026-04-28 03:44:16+00:00,NO,0.02,snapshot_fallback,206398.0,0,0.0004,0.020202707317519466,0.9502211866435185,<1 day,$100k-$250k,0.5,0.3266563944530046
kalshi,KXATPCHALLENGERMATCH-26APR27FONBAL-BAL,Will Aditya Vishal Balsekar win the Fondriest vs Vishal Balsekar: Qualification Final match?,sports,,2026-04-27 17:32:34+00:00,YES,0.07,snapshot_fallback,145094.93,1,0.8648999999999999,2.659260036932778,,unknown,$100k-$250k,0.5,0.3266563944530046
kalshi,KXMLBTOTAL-26APR271840STLPIT-9,St. Louis vs Pittsburgh Total Runs?,sports,,2026-04-28 01:35:00+00:00,NO,0.47,snapshot_fallback,124439.3,0,0.22089999999999999,0.6348782724359695,,unknown,$100k-$250k,0.5,0.3266563944530046
kalshi,KXMLBTOTAL-26APR271840STLPIT-7,St. Louis vs Pittsburgh Total Runs?,sports,,2026-04-28 01:35:00+00:00,NO,0.68,snapshot_fallback,108026.74,0,0.4624000000000001,1.139434283188365,,unknown,$100k-$250k,0.5,0.3266563944530046
kalshi,KXMLBSPREAD-26APR271840STLPIT-PIT2,Pittsburgh wins by over 1.5 runs?,sports,,2026-04-28 01:34:57+00:00,NO,0.37,snapshot_fallback,200786.82,0,0.1369,0.4620354595965587,,unknown,$100k-$250k,0.5,0.3266563944530046
kalshi,KXMLBTOTAL-26APR272210MIALAD-9,Miami vs Los Angeles D Total Runs?,sports,,2026-04-28 05:11:48+00:00,YES,0.49,snapshot_fallback,411740.98,1,0.2601,0.7133498878774648,,unknown,$250k-$1m,0.5,0.3266563944530046
kalshi,KXMLBTOTAL-26APR272210MIALAD-8,Miami vs Los Angeles D Total Runs?,sports,,2026-04-28 05:11:47+00:00,YES,0.58,snapshot_fallback,183495.42,1,0.17640000000000003,0.5447271754416722,,unknown,$100k-$250k,0.5,0.3266563944530046
kalshi,KXMLBTOTAL-26APR272210MIALAD-7,Miami vs Los Angeles D Total Runs?,sports,,2026-04-28 05:11:47+00:00,YES,0.69,snapshot_fallback,131270.16,1,0.09610000000000003,0.37106368139083207,,unknown,$100k-$250k,0.5,0.3266563944530046
kalshi,KXMLBTOTAL-26APR272210MIALAD-10,Miami vs Los Angeles D Total Runs?,sports,,2026-04-28 05:11:48+00:00,NO,0.4,snapshot_fallback,122660.81,0,0.16000000000000003,0.5108256237659907,,unknown,$100k-$250k,0.5,0.3266563944530046
kalshi,KXMLBSPREAD-26APR272210MIALAD-MIA2,Miami wins by over 1.5 runs?,sports,,2026-04-28 05:11:42+00:00,NO,0.19,snapshot_fallback,225570.06,0,0.0361,0.21072103131565253,,unknown,$100k-$250k,0.5,0.3266563944530046
kalshi,KXMLBSPREAD-26APR272210MIALAD-LAD3,Los Angeles D wins by over 2.5 runs?,sports,,2026-04-28 05:11:41+00:00,NO,0.45,snapshot_fallback,412284.09,0,0.2025,0.5978370007556204,,unknown,$250k-$1m,0.5,0.3266563944530046
kalshi,KXMLBSPREAD-26APR272210MIALAD-LAD2,Los Angeles D wins by over 1.5 runs?,sports,,2026-04-28 05:11:41+00:00,NO,0.56,snapshot_fallback,646461.62,0,0.31360000000000005,0.8209805520698303,,unknown,$250k-$1m,0.5,0.3266563944530046
kalshi,KXMVESPORTSMULTIGAMEEXTENDED-S20263361812A10E-4F8B689689A,"yes Houston wins by over 2.5 points,yes Over 204.5 points scored,yes Over 200.5 points scored,yes EDM Oilers,yes TB Lightning,no Over 7.5 goals scored",sports,2026-04-26 23:50:51.516025+00:00,2026-04-27 05:59:20+00:00,NO,0.031,snapshot_fallback,101026.0,0,0.0009609999999999999,0.03149066709137085,0.25588523119212964,<1 day,$100k-$250k,0.5,0.3266563944530046
kalshi,KXMLBTOTAL-26APR272005NYYTEX-8,New York Y vs Texas Total Runs?,sports,,2026-04-28 03:00:22+00:00,NO,0.54,snapshot_fallback,113260.0,0,0.2916,0.7765287894989964,,unknown,$100k-$250k,0.5,0.3266563944530046
kalshi,KXMLBTOTAL-26APR272005NYYTEX-6,New York Y vs Texas Total Runs?,sports,,2026-04-28 03:00:20+00:00,YES,0.75,snapshot_fallback,165608.68,1,0.0625,0.2876820724517809,,unknown,$100k-$250k,0.5,0.3266563944530046
kalshi,KXMLBSPREAD-26APR272005NYYTEX-NYY4,New York Y wins by over 3.5 runs?,sports,,2026-04-28 03:00:32+00:00,NO,0.3,snapshot_fallback,143252.65,0,0.09,0.35667494393873245,,unknown,$100k-$250k,0.5,0.3266563944530046
kalshi,KXMLBSPREAD-26APR272005NYYTEX-NYY3,New York Y wins by over 2.5 runs?,sports,,2026-04-28 03:00:31+00:00,NO,0.39,snapshot_fallback,116049.93,0,0.1521,0.4942963218147801,,unknown,$100k-$250k,0.5,0.3266563944530046
kalshi,KXMLBSPREAD-26APR272005NYYTEX-NYY2,New York Y wins by over 1.5 runs?,sports,,2026-04-28 03:00:30+00:00,YES,0.5,snapshot_fallback,398097.53,1,0.25,0.6931471805599453,,unknown,$250k-$1m,0.5,0.3266563944530046
kalshi,KXMLBTOTAL-26APR271940LAACWS-9,Los Angeles A vs Chicago WS Total Runs?,sports,,2026-04-28 05:40:09+00:00,YES,0.57,snapshot_fallback,117538.26,1,0.18490000000000004,0.5621189181535413,,unknown,$100k-$250k,0.5,0.3266563944530046
kalshi,KXMLBTOTAL-26APR271940LAACWS-14,Los Angeles A vs Chicago WS Total Runs?,sports,,2026-04-28 05:40:11+00:00,YES,0.2,snapshot_fallback,175739.88,1,0.6400000000000001,1.6094379124341003,,unknown,$100k-$250k,0.5,0.3266563944530046
kalshi,KXMLBTOTAL-26APR271940LAACWS-10,Los Angeles A vs Chicago WS Total Runs?,sports,,2026-04-28 05:40:10+00:00,YES,0.48,snapshot_fallback,142146.99,1,0.27040000000000003,0.7339691750802004,,unknown,$100k-$250k,0.5,0.3266563944530046
kalshi,KXMLBSPREAD-26APR271940LAACWS-CWS3,Chicago WS wins by over 2.5 runs?,sports,,2026-04-28 05:40:08+00:00,NO,0.22,snapshot_fallback,141648.52,0,0.0484,0.2484613592984996,,unknown,$100k-$250k,0.5,0.3266563944530046
kalshi,KXMLBSPREAD-26APR271940LAACWS-CWS2,Chicago WS wins by over 1.5 runs?,sports,,2026-04-28 05:40:09+00:00,NO,0.31,snapshot_fallback,178452.87,0,0.0961,0.37106368139083207,,unknown,$100k-$250k,0.5,0.3266563944530046
kalshi,KXMLBTOTAL-26APR272140CHCSD-8,Chicago C vs San Diego Total Runs?,sports,,2026-04-28 04:54:41+00:00,YES,0.54,snapshot_fallback,155859.32,1,0.21159999999999995,0.616186139423817,,unknown,$100k-$250k,0.5,0.3266563944530046
kalshi,KXMLBTOTAL-26APR271810TBCLE-9,Tampa Bay vs Cleveland Total Runs?,sports,,2026-04-28 00:50:19+00:00,NO,0.42,snapshot_fallback,193823.63,0,0.17639999999999997,0.5447271754416719,,unknown,$100k-$250k,0.5,0.3266563944530046
kalshi,KXMLBTOTAL-26APR271810TBCLE-8,Tampa Bay vs Cleveland Total Runs?,sports,,2026-04-28 00:50:19+00:00,NO,0.53,snapshot_fallback,217092.41,0,0.28090000000000004,0.7550225842780328,,unknown,$100k-$250k,0.5,0.3266563944530046
kalshi,KXMLBTOTAL-26APR271810TBCLE-7,Tampa Bay vs Cleveland Total Runs?,sports,,2026-04-28 00:50:18+00:00,NO,0.63,snapshot_fallback,150142.44,0,0.39690000000000003,0.9942522733438669,,unknown,$100k-$250k,0.5,0.3266563944530046
kalshi,KXMLBTOTAL-26APR271810TBCLE-6,Tampa Bay vs Cleveland Total Runs?,sports,,2026-04-28 00:50:17+00:00,NO,0.71,snapshot_fallback,176880.3,0,0.5041,1.2378743560016172,,unknown,$100k-$250k,0.5,0.3266563944530046
kalshi,KXMLBTOTAL-26APR271940SEAMIN-9,Seattle vs Minnesota Total Runs?,sports,,2026-04-28 02:30:51+00:00,YES,0.51,snapshot_fallback,125429.42,1,0.24009999999999998,0.6733445532637656,,unknown,$100k-$250k,0.5,0.3266563944530046
kalshi,KXMLBSPREAD-26APR272140CHCSD-SD4,San Diego wins by over 3.5 runs?,sports,,2026-04-28 04:54:42+00:00,NO,0.16,snapshot_fallback,117437.64,0,0.0256,0.1743533871447778,,unknown,$100k-$250k,0.5,0.3266563944530046
kalshi,KXMLBSPREAD-26APR272140CHCSD-SD3,San Diego wins by over 2.5 runs?,sports,,2026-04-28 04:54:42+00:00,NO,0.24,snapshot_fallback,107851.53,0,0.0576,0.2744368457017603,,unknown,$100k-$250k,0.5,0.3266563944530046
kalshi,KXMLBSPREAD-26APR272140CHCSD-SD2,San Diego wins by over 1.5 runs?,sports,,2026-04-28 04:54:43+00:00,YES,0.33,snapshot_fallback,319732.47,1,0.4488999999999999,1.1086626245216111,,unknown,$250k-$1m,0.5,0.3266563944530046
kalshi,KXMLBSPREAD-26APR272140CHCSD-CHC2,Chicago C wins by over 1.5 runs?,sports,,2026-04-28 04:54:43+00:00,NO,0.38,snapshot_fallback,161303.07,0,0.1444,0.4780358009429998,,unknown,$100k-$250k,0.5,0.3266563944530046
kalshi,KXMLBSPREAD-26APR271810TBCLE-TB2,Tampa Bay wins by over 1.5 runs?,sports,,2026-04-28 00:50:27+00:00,NO,0.3,snapshot_fallback,114818.53,0,0.09,0.35667494393873245,,unknown,$100k-$250k,0.5,0.3266563944530046
kalshi,KXMLBSPREAD-26APR271810TBCLE-CLE2,Cleveland wins by over 1.5 runs?,sports,,2026-04-28 00:50:27+00:00,NO,0.39,snapshot_fallback,388326.42,0,0.1521,0.4942963218147801,,unknown,$250k-$1m,0.5,0.3266563944530046
kalshi,KXMLBTOTAL-26APR271907BOSTOR-8,Boston vs Toronto Total Runs?,sports,,2026-04-28 01:44:59+00:00,NO,0.47,snapshot_fallback,182351.03,0,0.22089999999999999,0.6348782724359695,,unknown,$100k-$250k,0.5,0.3266563944530046
kalshi,KXMLBTOTAL-26APR271907BOSTOR-7,Boston vs Toronto Total Runs?,sports,,2026-04-28 01:44:59+00:00,NO,0.58,snapshot_fallback,116583.1,0,0.3364,0.867500567704723,,unknown,$100k-$250k,0.5,0.3266563944530046
kalshi,KXMLBTOTAL-26APR271907BOSTOR-6,Boston vs Toronto Total Runs?,sports,,2026-04-28 01:44:58+00:00,NO,0.67,snapshot_fallback,123115.81,0,0.4489000000000001,1.1086626245216114,,unknown,$100k-$250k,0.5,0.3266563944530046
kalshi,KXMLBSPREAD-26APR271907BOSTOR-TOR2,Toronto wins by over 1.5 runs?,sports,,2026-04-28 01:44:59+00:00,NO,0.38,snapshot_fallback,201916.58,0,0.1444,0.4780358009429998,,unknown,$100k-$250k,0.5,0.3266563944530046
kalshi,KXMVESPORTSMULTIGAMEEXTENDED-S2026489036A2DBC-739D3BC7607,"yes Tyrese Maxey: 6+,yes Jaylen Brown: 25+,yes Payton Pritchard: 10+,yes Tyrese Maxey: 25+,no Boston wins by over 13.5 points,no Over 222.5 points scored",sports,2026-04-26 15:08:41.632957+00:00,2026-04-27 03:15:27+00:00,NO,0.039,snapshot_fallback,102653.0,0,0.001521,0.0397808700118446,0.5046917481828703,<1 day,$100k-$250k,0.5,0.3266563944530046
kalshi,KXMVESPORTSMULTIGAMEEXTENDED-S20268862E1B4CD9-B313B2136EA,"yes Detroit,yes Denver,yes Phoenix",sports,2026-04-26 13:34:26.827391+00:00,2026-04-28 04:08:15+00:00,NO,0.044,snapshot_fallback,145431.0,0,0.0019359999999999998,0.044997365930735805,1.6068075533449073,1-7 days,$100k-$250k,0.5,0.3266563944530046
kalshi,KXMVESPORTSMULTIGAMEEXTENDED-S2026486C36FD53A-406783B9448,"yes New York M,yes New York M wins by over 1.5 runs,no Philadelphia wins by over 8.5 points",sports,2026-04-26 13:30:32.879091+00:00,2026-04-26 21:18:40+00:00,NO,0.324,snapshot_fallback,287092.0,0,0.104976,0.39156220293917304,0.3250824179282408,<1 day,$250k-$1m,0.5,0.3266563944530046
kalshi,KXMVESPORTSMULTIGAMEEXTENDED-S2026A2DD468022C-03B9C356E2B,"yes Jannik Sinner,yes Colorado,no New York M wins by over 1.5 runs",sports,2026-04-26 13:16:35.125746+00:00,2026-04-26 21:35:07+00:00,YES,0.196,snapshot_fallback,462032.0,1,0.6464160000000001,1.6296406197516198,0.34620224831018515,<1 day,$250k-$1m,0.5,0.3266563944530046
kalshi,KXMVESPORTSMULTIGAMEEXTENDED-S2026A2DD468022C-0A111C0A421,"yes Jannik Sinner,yes New York M,yes New York M wins by over 1.5 runs",sports,2026-04-26 13:16:34.596530+00:00,2026-04-26 21:35:07+00:00,NO,0.468,snapshot_fallback,165331.0,0,0.21902400000000002,0.6311117896404926,0.34620837349537037,<1 day,$100k-$250k,0.5,0.3266563944530046
kalshi,KXMVESPORTSMULTIGAMEEXTENDED-S2026A2DD468022C-25AD1622D14,"yes Jannik Sinner,yes New York M,no Colorado wins by over 1.5 runs",sports,2026-04-26 13:13:19.490917+00:00,2026-04-26 21:35:07+00:00,NO,0.575,snapshot_fallback,534001.0,0,0.33062499999999995,0.8556661100577201,0.3484665403125,<1 day,$250k-$1m,0.5,0.3266563944530046
kalshi,KXMVESPORTSMULTIGAMEEXTENDED-S20260040F0C47C6-92C40CBBE81,"yes LeBron James: 6+,yes Marcus Smart: 6+,yes Jaylen Brown: 20+,yes Jayson Tatum: 20+,yes Paul George: 15+,yes Tyrese Maxey: 20+,yes VJ Edgecombe: 10+,yes Alperen Sengun: 15+,yes Amen Thompson: 15+,yes Jabari Smith Jr.: 15+,yes LeBron James: 20+,yes Marcus Smart: 10+,yes Rui Hachimura: 10+,yes VJ Edgecombe: 6+,yes Alperen Sengun: 6+,yes Jabari Smith Jr.: 6+,yes LeBron James: 6+",sports,2026-04-26 11:04:05.653519+00:00,2026-04-27 03:02:25+00:00,NO,0.026,snapshot_fallback,964194.0,0,0.000676,0.026343975339601977,0.6655016953819445,<1 day,$250k-$1m,0.5,0.3266563944530046
